rule_id,classification_problem,operational_rule,included_as_primary_when,classified_as_contextual_when,excluded_when,example_citation_key
R001,Primary evidence vs contextual evidence,Count as primary only when a source reports an extractable method-task-system validation unit within the inferred topic.,Target-system learning/domain-constrained method with quantitative or validation evidence.,"Review, taxonomy, broad background, benchmark motivation, or generic method without target-system evaluation.",Outside scope or no extractable evidence.,10233047
R002,Domain-specific learning vs generic ML,"A method is domain-specific when the source embeds power-system, microgrid, converter, topology, or operating-constraint information.","Physics/domain features materially shape learning, control, or evaluation.",Generic ML is discussed as background or method transfer.,Generic ML with no power-system or microgrid operational evidence.,ngo2024physics
R003,Physics-informed or domain-constrained vs ordinary data fitting,"Physics-informed/domain-constrained requires explicit equations, topology, certificates, constraints, physical residuals, or device models.","The method uses residuals, graph topology, Lyapunov/barrier functions, power-flow/DAE models, or hard constraints.",The source motivates such methods but does not evaluate one.,Ordinary fitting without domain integration.,chen2025modified
R004,Runtime enforcement vs training-stage penalty,Runtime enforcement acts in the deployed optimizer/controller; training penalty shapes the learned artifact before deployment.,"Constraints appear in MPC, safe policy, explicit controller, projection, or online optimization.",Constraint appears only in loss or as diagnostic metric.,No constraint or enforcement mechanism reported.,huang2024prediction
R005,Operational claim vs enabling claim,"Operational claims directly consume decisions; enabling claims provide models, predictors, or diagnostics for later decisions.","Controller, scheduler, dispatch, restoration, or protection decision is evaluated.","Modeling, forecasting, state estimation, or method-development evidence supports later operation.",No target task.,10527356
R006,Plausibility vs admissibility evidence,"Admissibility requires limits, violation magnitude/duration, timing, assumptions, and latency fit; otherwise primary evidence is plausibility.",All admissibility requirements are reported in the claim row.,Some but not all operational-admissibility requirements are present.,Contextual or non-primary evidence.,9371751
R007,F0/F1/F2/F3 validation fidelity,"Assign F0 static/offline, F1 ordinary dynamic simulation, F2 EMT/switching/high-fidelity transient, F3 real-time/HIL/lab/field/prototype.",Use the highest directly reported validation fidelity for the claim.,Use NR when validation setting is not reported.,Do not infer fidelity from method name alone.,11045087
R008,A0/A1/A2/A3 auditability,"A0 unclear context/limits; A1 context plus metric; A2 explicit condition plus constraint/stability/feasibility outcome; A3 A2 plus robustness breadth, runtime/latency, and baseline/ablation.",Assign by reported claim fields only.,Use lower tier when one requirement is missing.,Use A0 when operational context or limits are unclear.,zhang2024physics
R009,Study denominator vs claim denominator,Source-level eligibility and claim-level evidence are separate denominators.,Study counts use one row per citation_key in studies_cleaned.,Claim counts use claims joined to Included studies only.,Never mix contextual/excluded sources into included-claim synthesis.,10025395
