claim_id,study_id,citation_key,claim_type,operational_context,transition_or_operating_regime,system_type,networked_or_multi_system_flag,learned_or_data_driven_artifact,task_family,consuming_decision_layer,required_latency_class,method_family,physics_or_domain_integration_mechanism,physical_or_domain_object_enforced,injection_stage,enforcement_strength,constraint_semantics,validation_environment,validation_fidelity_tier,auditability_tier,operational_limits_reported,voltage_limit_reported,frequency_limit_reported,current_limit_reported,synchronization_or_coupling_limit_reported,violation_reporting,violation_magnitude_reported,violation_duration_reported,stability_or_feasibility_metric,robustness_axes,topology_variation_tested,disturbance_shift_tested,measurement_degradation_tested,communication_impairment_tested,resource_outage_or_derating_tested,latency_reported,computation_time,computational_complexity_note,baseline_reported,ablation_reported,protection_or_safety_assumptions,device_limit_model,uncertainty_calibration,scalability_notes,quantitative_result_summary,evidence_class,inclusion_rationale
C001,S001,10025395,operational,secondary voltage control,voltage regulation,microgrid,Yes,explicit neural network controller,voltage control,secondary control,real-time control,explicit neural network control,control constraints and stability conditions embedded in explicit neural network design,bus voltage safety and closed-loop stability,architecture/structure,hard runtime enforcement,safe voltage set and stability certificate,simulation,F1,A2,Yes,Yes,No,NR,NR,Yes,NR,NR,voltage restoration and stability,load and operating-condition variation,NR,Yes,NR,NR,NR,NR,NR,Explicit NN proposed for online evaluation; exact runtime NR,Yes,NR,safe/stable secondary control assumptions,inverter-interfaced microgrid model,NR,microgrid case studies; exact scaling NR,NR,Plausibility evidence,"Included primary claim: method-task-operating-context evidence extracted from local source text, metadata, or ODT note."
C002,S002,10040615,operational,microgrid energy management,energy management under network constraints,distribution network with microgrids,Yes,safe deep reinforcement-learning policy,energy management,energy management system,dispatch interval,safe reinforcement learning,constrained Markov decision process with spatial-temporal perception,distribution-network operating constraints,uncertainty/risk,soft penalty,constrained policy optimization,simulation,F0,A2,Yes,Yes,NR,NR,NR,Yes,NR,NR,reward and constraint satisfaction,spatial-temporal state variations,NR,NR,NR,NR,NR,NR,NR,ODT abstract reports efficient learning but no runtime,Yes,NR,distribution-network constraints,microgrid resources in distribution network,NR,NR,NR,Plausibility evidence,"Included primary claim: method-task-operating-context evidence extracted from local source text, metadata, or ODT note."
C003,S006,10128154,operational,inverter PQ trajectory tracking,inverter trajectory tracking,microgrid inverter,Yes,physics-informed reinforcement-learning inverter controller,inverter control,primary converter control,real-time control,physics-informed reinforcement learning,physical dynamics included in reinforcement-learning formulation,active/reactive power trajectory and inverter dynamics,hybrid,soft penalty,physics-informed trajectory tracking objective,simulation,F1,A2,Yes,Yes,NR,NR,NR,NR,NR,NR,PQ tracking error,operating-condition variation,NR,Yes,NR,NR,NR,NR,NR,NR,Yes,NR,inverter operating constraints,inverter PQ control model,NR,single microgrid inverter-level study,NR,Plausibility evidence,"Included primary claim: method-task-operating-context evidence extracted from local source text, metadata, or ODT note."
C004,S008,10208158,transition-focused,transient stability assessment,large-disturbance transient stability,networked microgrids,Yes,neural Lyapunov function,transient stability assessment,security monitoring,online screening,neural Lyapunov,Lyapunov conditions with learning and falsification modules,region of attraction and large-signal stability,certificate,certificate-based,Lyapunov stability certificate,simulation,F1,A2,Yes,Yes,NR,NR,Yes,Yes,NR,NR,estimated region of attraction,disturbance size and microgrid interconnection cases,Yes,Yes,NR,NR,NR,NR,NR,NR,Yes,NR,large-signal stability assumptions,power-electronics-interfaced microgrid model,NR,networked microgrid cases,NR,Plausibility evidence,"Included primary claim: method-task-operating-context evidence extracted from local source text, metadata, or ODT note."
C005,S009,10233047,transition-focused,uncertain networked-microgrid neural control,disturbances and renewable uncertainty,uncertain networked microgrids,Yes,physics-informed neural hierarchical controller and robust CLBF,safe stability-certified control,hierarchical control,real-time control,certificate-based neural control,robust control Lyapunov-barrier function learned with physics-informed scheme,safety and stability under uncertainty,certificate,certificate-based,robust CLBF safety and stability certificate,simulation,F1,A2,Yes,Yes,Yes,NR,Yes,Yes,NR,NR,safe and stable trajectory certification,renewable uncertainty and disturbances,Yes,Yes,NR,NR,NR,NR,NR,ODT abstract reports certified generalization; exact runtime NR,NR,NR,robust CLBF assumptions,inverter-based resources,uncertain perturbations considered,different networked microgrid cases; exact size NR,NR,Plausibility evidence,"Included primary claim: method-task-operating-context evidence extracted from local source text, metadata, or ODT note."
C006,S010,10238825,enabling,active distribution voltage prediction,voltage prediction with topology changes,active distribution system,Yes,probabilistic physics-informed graph convolutional network,voltage prediction,monitoring and operational screening,online screening,probabilistic graph neural network,network topology embedded in graph model with Bayesian dropout,node voltages,uncertainty/risk,audited only,probabilistic voltage prediction with topology robustness,simulation on realistic distribution system,F0,A3,Yes,Yes,No,NR,NR,NR,NR,NR,voltage prediction accuracy and uncertainty,topology changes and scenario variation,Yes,NR,NR,NR,NR,NR,NR,Compared against machine-learning baselines; exact inference time NR,Yes,NR,distribution voltage operating assumptions,PV and EV resources,Bayesian dropout uncertainty,realistic 759-node distribution system reported in ODT note,NR,Plausibility evidence,"Included primary claim: method-task-operating-context evidence extracted from local source text, metadata, or ODT note."
C007,S012,10253396,transition-focused,microgrid safety and stability certified control,disturbed microgrid operation,microgrid,Yes,neural Lyapunov-barrier controller,safe stability-certified control,hierarchical control,real-time control,certificate-based neural control,control Lyapunov-barrier function learned with physics-informed constraints,voltage/frequency safety and stability,certificate,certificate-based,CLBF certificate,simulation,F1,A2,Yes,Yes,Yes,NR,NR,Yes,NR,NR,certified safe and stable control,disturbance scenarios,NR,Yes,NR,NR,NR,NR,NR,ODT abstract does not report runtime,NR,NR,CLBF safety and stability assumptions,DER/load/network dynamics,NR,NR,NR,Plausibility evidence,"Included primary claim: method-task-operating-context evidence extracted from local source text, metadata, or ODT note."
C008,S014,10304833,transition-focused,microgrid transient stability assessment,large disturbance transient stability,VSC-interfaced microgrid,Yes,physics-informed neural network TSA model,transient stability assessment,security assessment,online screening,PINN,microgrid transient equations used in physics-informed loss,stability boundary and disturbance tolerance,training loss,soft penalty,physics residual regularization for TSA,simulation,F1,A1,Yes,Yes,NR,NR,Yes,NR,NR,NR,stability classification and disturbance margin,disturbance magnitude and nonlinear microgrid dynamics,NR,Yes,NR,NR,NR,NR,NR,NR,NR,NR,VSC and low-X/R microgrid assumptions,converter-interfaced microgrid model,NR,NR,NR,Plausibility evidence,"Included primary claim: method-task-operating-context evidence extracted from local source text, metadata, or ODT note."
C009,S019,10489968,enabling,networked microgrid transient dynamics prediction,transient dynamics,networked microgrids,Yes,graph neural network transient predictor,dynamics prediction,monitoring and planning support,online screening,graph neural network,network graph structure and full-field measurements,voltage/frequency transient trajectories,architecture/structure,audited only,physics-aware graph prediction,DAE simulation benchmark,F1,A3,No,Yes,Yes,NR,Yes,NR,NR,NR,one-step and cumulative RMSE; modal frequency and damping,model settings C1/C6/C11 and message-passing depth,NR,Yes,NR,NR,NR,NR,NR,Hyperparameter sensitivity reported; exact deployment runtime NR,Yes,Yes,DAE ground-truth model assumptions,networked microgrid dynamic model,NR,networked microgrid full-field measurement cases,NR,Plausibility evidence,"Included primary claim: method-task-operating-context evidence extracted from local source text, metadata, or ODT note."
C010,S020,10506510,operational,grid-forming converter voltage-loop control,variable-inertia microgrid voltage control,grid-forming converter microgrid,Yes,adaptive data-driven voltage-loop controller,converter voltage control,primary converter control,real-time control,adaptive data-driven control,data-driven adaptation around converter control dynamics,converter output voltage,runtime enforcement,audited only,adaptive voltage control objective,simulation,F1,A1,Yes,Yes,NR,NR,NR,NR,NR,NR,voltage-control performance,variable inertia,NR,NR,NR,NR,NR,NR,NR,NR,Yes,NR,grid-forming converter model assumptions,grid-forming converter voltage loop,NR,NR,NR,Plausibility evidence,"Included primary claim: method-task-operating-context evidence extracted from local source text, metadata, or ODT note."
C011,S021,10507020,enabling,distribution-system gray-box modeling,IBR dynamic modeling,distribution system with inverter-based resources,Yes,gray-box model with white-box equations and neural residual,dynamic model identification,modeling for control and assessment,offline planning,gray-box neural modeling,Kron-reduced network and inverter control diagrams feed a neural black-box correction,IBR dynamic response,gray-box residual,audited only,partial physical model plus learned residual,case-study simulation,F1,A2,No,Yes,NR,NR,NR,NR,NR,NR,estimation accuracy,case-study validation,NR,NR,NR,NR,NR,NR,NR,ODT abstract does not report runtime,Yes,NR,IBR structure and equivalent network assumptions,inverter-based resources,NR,distribution system with IBRs,NR,Plausibility evidence,"Included primary claim: method-task-operating-context evidence extracted from local source text, metadata, or ODT note."
C012,S023,10527356,enabling,microgrid transient surrogate modeling,transient prediction,microgrids,Yes,modularized bilinear Koopman operator,transient prediction,model predictive control support,online screening,Koopman learning,modular bilinear Koopman form preserving microgrid subsystem structure,transient state trajectories,architecture/structure,audited only,structure-aware surrogate model,simulation,F1,A3,No,Yes,Yes,NR,NR,NR,NR,NR,prediction error around 1e-4 p.u. in ODT note,disturbance amplitude shift and truncation order,NR,Yes,NR,NR,NR,Yes,3.35 s for 100 simulations after truncation versus 6.13 s before truncation,Order truncation reduces simulation time in reported timing table,Yes,Yes,microgrid dynamic-model assumptions,DER microgrid modules,NR,modularized microgrid simulations,3.35 s for 100 simulations after truncation versus 6.13 s before truncation,Plausibility evidence,"Included primary claim: method-task-operating-context evidence extracted from local source text, metadata, or ODT note."
C013,S024,10540030,enabling,power-system optimization warm start,AC-OPF warm-start optimization,power system,No,PINN warm-start initializer,optimization acceleration,optimal power flow solver,dispatch interval,PINN,power-flow equations in physics-informed optimization loss,AC-OPF feasibility,training loss,audited only,physics-informed warm-start feasibility,offline optimization benchmarks,F0,A3,Yes,Yes,No,Yes,NR,Yes,NR,NR,success rate and solution time,benchmark instances,NR,NR,NR,NR,NR,Yes,reported to reduce computational time by almost half,Warm-starting reduces solver time; exact per-case runtime NR,Yes,Yes,AC-OPF constraint assumptions,network power-flow limits,NR,power-system OPF benchmarks,reported to reduce computational time by almost half,Plausibility evidence,"Included primary claim: method-task-operating-context evidence extracted from local source text, metadata, or ODT note."
C014,S025,10584332,transition-focused,topology-based islanded microgrid stabilization,topology switching under operational variation,islanded microgrid with tie switches,Yes,neural line-switching controller,topology control,emergency/topology control,real-time control,neural switching control,multiple Lyapunov-like functions for switched systems,line-switch status and stabilizability margin,certificate,hybrid,state-dependent switching law with stability margin,simulation,F1,A2,Yes,Yes,Yes,NR,Yes,Yes,NR,NR,stabilizability margin,operational variations and arbitrary number of controllable lines,Yes,Yes,NR,NR,NR,NR,NR,ODT abstract states real-time computable law; exact runtime NR,NR,NR,switched-system stability assumptions,tie switches and DER microgrid model,NR,arbitrary controllable-line count claimed; exact tested size NR,NR,Plausibility evidence,"Included primary claim: method-task-operating-context evidence extracted from local source text, metadata, or ODT note."
C015,S028,10665992,operational,islanded microgrid transient dynamics stabilization,islanded frequency transient,islanded microgrid,Yes,adaptive hierarchical data-driven predictive droop controller,frequency stabilization,droop/secondary control,real-time control,data-driven predictive control,physics-informed sparse identification model embedded in MPC,frequency deviation and droop inputs,hybrid,hard runtime enforcement,MPC constraints with reachability analysis,simulation,F1,A3,Yes,NR,Yes,NR,Yes,Yes,NR,NR,frequency deviation and reachability,"load demand, weather, DER variation",NR,Yes,NR,NR,Yes,NR,NR,Predictive droop control uses learned model; runtime NR,Yes,NR,reachability analysis for operational variation,interconnected DERs and droop-controlled inverters,NR,islanded microgrid with interconnected DERs,NR,Plausibility evidence,"Included primary claim: method-task-operating-context evidence extracted from local source text, metadata, or ODT note."
C016,S030,10753627,enabling,power-network DAE model reduction,transient reduced-order simulation,power network,No,structure-preserving reduced-order DAE model,model reduction,planning and dynamic assessment,offline planning,structure-preserving model reduction,DAE structure preserved in reduced-order model,network dynamic states,architecture/structure,audited only,structure-preserving simulation fidelity,time-domain simulation,F1,A3,No,Yes,Yes,NR,Yes,NR,NR,NR,RMSE between full-order and reduced states,multiple network cases and ROM orders,Yes,Yes,NR,NR,NR,Yes,RMSE examples 0.038 and 0.0019 in ODT note; runtime benefits reported,ROM size selected by Hankel singular value cumulative energy,Yes,Yes,DAE network model assumptions,power-network dynamic components,NR,large test case with ROM order r=40 for 99.99% cumulative energy,RMSE examples 0.038 and 0.0019 in ODT note; runtime benefits reported,Plausibility evidence,"Included primary claim: method-task-operating-context evidence extracted from local source text, metadata, or ODT note."
C017,S031,10833613,enabling,microgrid voltage stability analysis,voltage stability,microgrid,Yes,uniform physics-informed neural network framework,voltage stability analysis,stability assessment,online screening,PINN,microgrid governing equations in physics-informed loss,voltage stability constraints,training loss,soft penalty,physics residual regularization,simulation,F1,A2,Yes,Yes,NR,NR,NR,NR,NR,NR,voltage stability prediction/analysis,microgrid voltage-stability cases,NR,NR,NR,NR,NR,NR,NR,NR,Yes,NR,microgrid voltage-stability assumptions,microgrid network and DER model,NR,NR,NR,Plausibility evidence,"Included primary claim: method-task-operating-context evidence extracted from local source text, metadata, or ODT note."
C018,S032,10843279,enabling,power-system dynamics modeling,dynamic trajectory prediction,power system,No,physics-informed Kolmogorov-Arnold network,dynamics prediction,dynamic assessment,online screening,physics-informed KAN,power-system dynamic equations in training objective,dynamic states,training loss,soft penalty,physics residual regularization,simulation,F1,A1,No,Yes,Yes,NR,Yes,NR,NR,NR,trajectory prediction error,NR,NR,Yes,NR,NR,NR,NR,NR,NR,Yes,NR,power-system dynamic model assumptions,power-system components,NR,NR,NR,Plausibility evidence,"Included primary claim: method-task-operating-context evidence extracted from local source text, metadata, or ODT note."
C019,S033,10852190,operational,high-renewable islanded microgrid stability enhancement,renewable-uncertainty stability control,high-renewable islanded microgrid,Yes,distributionally robust neural controller,stability control,secondary control,real-time control,distributionally robust neural control,Lyapunov and barrier functions with distributionally robust chance constraints,probabilistic stability and safety,uncertainty/risk,hybrid,distributionally robust chance-constrained stability,simulation,F1,A2,Yes,Yes,Yes,NR,Yes,Yes,NR,NR,stability and safety under renewable uncertainty,renewable uncertainty,NR,Yes,NR,NR,Yes,NR,NR,ODT abstract does not report runtime,Yes,NR,Lyapunov-barrier and chance-constraint assumptions,high-renewable islanded microgrid,distributionally robust chance constraints,NR,NR,Plausibility evidence,"Included primary claim: method-task-operating-context evidence extracted from local source text, metadata, or ODT note."
C020,S034,10887332,enabling,EMT induction-machine neural DAE analytics,EMT device transient,converter-dominated power components,No,neural differential-algebraic EMT module,induction-machine EMT surrogate modeling,EMT analytics,offline planning,physics-informed neural DAE,stiff ODE/DAE equations in neural module,induction-machine and inverter trajectories,hybrid,audited only,physics-informed EMT trajectory prediction,EMT simulation,F2,A3,No,Yes,NR,Yes,NR,NR,NR,NR,mean waveform errors,"parameter changes, fault cases, noisy measurements",NR,Yes,Yes,NR,NR,NR,NR,ODT note reports mean errors; runtime NR,Yes,Yes,EMT component model assumptions,induction machine,noise handled by adaptive loss weighting,device-level EMT cases,Mean trajectory errors reported for induction-machine free-acceleration and torque-change evaluations; exact values include 2.9655% and 0.3606% in ODT note,Plausibility evidence,"Included primary claim: method-task-operating-context evidence extracted from local source text, metadata, or ODT note."
C021,S034,10887332,enabling,EMT inverter neural DAE analytics,EMT device transient,converter-dominated power components,No,neural differential-algebraic EMT module,inverter EMT surrogate modeling,EMT analytics,offline planning,physics-informed neural DAE,stiff ODE/DAE equations in neural module,induction-machine and inverter trajectories,hybrid,audited only,physics-informed EMT trajectory prediction,EMT simulation,F2,A3,No,Yes,NR,Yes,NR,NR,NR,NR,mean waveform errors,"parameter changes, fault cases, noisy measurements",NR,Yes,Yes,NR,NR,NR,NR,ODT note reports mean errors; runtime NR,Yes,Yes,EMT component model assumptions,inverter,noise handled by adaptive loss weighting,device-level EMT cases,Fault and parameter-shift cases used for EMT neural DAE validation; exact inverter-specific table values NR,Plausibility evidence,"Included primary claim: method-task-operating-context evidence extracted from local source text, metadata, or ODT note."
C022,S036,10906317,operational,dynamic-security constrained OPF,real-time dynamic security,power system,No,physics-guided safe policy,dynamic-security constrained OPF,real-time dispatch,real-time dispatch,safe policy learning,dynamic security constraints and enhanced perception guide policy learning,dynamic-security constraints,hybrid,hybrid,safe policy for dynamic security constrained OPF,simulation,F1,A2,Yes,Yes,Yes,Yes,Yes,Yes,NR,NR,security feasibility and OPF objective,operating scenarios,NR,Yes,NR,NR,NR,NR,NR,Title states real-time; exact latency NR,Yes,NR,dynamic security constraints,power-system operating limits,NR,NR,NR,Plausibility evidence,"Included primary claim: method-task-operating-context evidence extracted from local source text, metadata, or ODT note."
C023,S039,11003897,transition-focused,safe RL transient stability emergency control,topology reconfiguration after disturbance,islanded microgrid,Yes,safe RL policy with DSPP chance constraint,transient stability emergency control,emergency control,emergency control,safe reinforcement learning,DSPP transient-stability surrogate and chance constraint in RCPO,transient stability chance constraint and topology controls,uncertainty/risk,hybrid,chance-constrained emergency control,real islanded microgrid case simulation,F1,A2,Yes,Yes,Yes,NR,Yes,Yes,NR,NR,constraint satisfaction and control objective,topology reconfiguration and transient stability uncertainty,Yes,Yes,NR,NR,NR,NR,NR,ODT abstract reports parallel training speedup but exact runtime NR,Yes,NR,transient-stability chance constraint,islanded microgrid topology and resources,DSPP predicted normal distribution,real islanded microgrid case; exact size NR,ODT abstract reports efficient emergency control under hard constraints; exact violation magnitude NR,Plausibility evidence,"Included primary claim: method-task-operating-context evidence extracted from local source text, metadata, or ODT note."
C024,S039,11003897,transition-focused,topology reconfiguration for islanded microgrid transient stability,topology reconfiguration after disturbance,islanded microgrid,Yes,safe RL policy with DSPP chance constraint,topology reconfiguration,emergency control,emergency control,safe reinforcement learning,DSPP transient-stability surrogate and chance constraint in RCPO,transient stability chance constraint and topology controls,uncertainty/risk,hybrid,chance-constrained emergency control,real islanded microgrid case simulation,F1,A2,Yes,Yes,Yes,NR,Yes,Yes,NR,NR,constraint satisfaction and control objective,topology reconfiguration and transient stability uncertainty,Yes,Yes,NR,NR,NR,NR,NR,ODT abstract reports parallel training speedup but exact runtime NR,Yes,NR,transient-stability chance constraint,islanded microgrid topology and resources,DSPP predicted normal distribution,real islanded microgrid case; exact size NR,ODT abstract reports topology reconfiguration in a real islanded microgrid case; exact reconfiguration count NR,Plausibility evidence,"Included primary claim: method-task-operating-context evidence extracted from local source text, metadata, or ODT note."
C025,S040,11045087,enabling,microgrid DER parameter estimation,DER parameter estimation under scarce data,microgrid DERs,Yes,modified physics-informed neural network,parameter estimation,model identification,offline planning,modified PINN,small-signal analysis with PINN ODE framework,DER dynamic parameters,training loss,audited only,physics-informed parameter estimation,real-time digital simulation data,F3,A3,No,Yes,Yes,NR,NR,NR,NR,NR,parameter error margin below 5%,different DER types and scarce data,NR,NR,NR,NR,NR,Yes,training time reduced by up to 82.87% versus traditional PINN in ODT note,data transformation reduces training time,Yes,Yes,open-source microgrid setup assumptions,distributed energy resources,NR,two typical setups based on open-source real-world microgrid,training time reduced by up to 82.87% versus traditional PINN in ODT note,Plausibility evidence,"Included primary claim: method-task-operating-context evidence extracted from local source text, metadata, or ODT note."
C026,S041,11088107,operational,fault detection in power grids,fault detection,power grid,Yes,explainable graph neural network,fault detection,protection monitoring,protection monitoring,explainable graph neural network,graph topology used in neural fault detection,faulted network states,architecture/structure,audited only,fault classification and explanation,simulation,F1,A3,No,Yes,NR,Yes,NR,NR,NR,NR,F1-score and AUC,IEEE 14/34/123-bus systems and 3% noise,Yes,Yes,Yes,NR,NR,Yes,explanation generation time reported in ODT note; exact value NR,"10,000 voltage sampling points; 100 train and 100 test scenarios reported",Yes,Yes,fault simulation assumptions,network fault model,NR,"IEEE 14-bus, 34-bus, and 123-bus systems",explanation generation time reported in ODT note; exact value NR,Plausibility evidence,"Included primary claim: method-task-operating-context evidence extracted from local source text, metadata, or ODT note."
C027,S042,11165312,enabling,microgrid health management,fault diagnosis and health monitoring,microgrid,Yes,digital twin with LSTM fault diagnosis,health monitoring,operations monitoring,online monitoring,digital twin and deep learning,digital twin model with measurement-driven diagnosis,microgrid health states,hybrid,audited only,monitoring and fault diagnosis,case-study evaluation,F1,A2,No,Yes,Yes,Yes,NR,NR,NR,NR,fault diagnosis accuracy,multi-domain metrics and measurement uncertainty discussion,NR,Yes,Yes,NR,NR,Yes,fast sampling/processing discussed; exact latency NR,ODT note reports about 97% LSTM-based diagnosis accuracy,Yes,NR,digital-twin monitoring assumptions,microgrid components,measurement uncertainty discussed,NR,fast sampling/processing discussed; exact latency NR,Plausibility evidence,"Included primary claim: method-task-operating-context evidence extracted from local source text, metadata, or ODT note."
C028,S044,9282004,enabling,power-system PINN feasibility,steady and dynamic power-system analysis,power system,No,physics-informed neural network,physics-informed modeling,analysis support,offline planning,PINN,power-system equations inside training objective,power-system residuals,training loss,soft penalty,physics residual regularization,offline examples,F0,A1,No,Yes,NR,NR,NR,NR,NR,NR,prediction/approximation error,NR,NR,NR,NR,NR,NR,NR,NR,NR,NR,NR,power-system equation assumptions,power-system network model,NR,NR,NR,Plausibility evidence,"Included primary claim: method-task-operating-context evidence extracted from local source text, metadata, or ODT note."
C029,S046,9371751,operational,proactive scheduling during islanding disruption,islanding and demand-response disruption,commercial building microgrid,Yes,safe reinforcement-learning scheduler,resilient proactive scheduling,energy management system,day-ahead/near-real-time scheduling,safe reinforcement learning,chance constraints and CVaR risk formulation,"reserve, CHP, ESS and demand response under islanding",uncertainty/risk,hybrid,CVaR/chance-constrained resilient scheduling,simulation,F0,A3,Yes,NR,NR,NR,NR,Yes,Yes,Yes,reward/objective and CVaR,hurricane at 44th time slot and 2-hour islanding duration,NR,Yes,NR,NR,Yes,Yes,training time 6 h versus 28 h for DQN in ODT note,CVaR confidence level 95% reported,Yes,Yes,islanding and reserve-response assumptions,CHP and ESS model,CVaR 95% confidence level,commercial building case,ODT note reports average reward 73.58 for proposed method versus 66.04 for DQN and islanding duration of 2 hours,Plausibility evidence,"Included primary claim: method-task-operating-context evidence extracted from local source text, metadata, or ODT note."
C030,S046,9371751,operational,CVaR risk-aware correlated demand response,islanding and demand-response disruption,commercial building microgrid,Yes,safe reinforcement-learning scheduler,risk-aware scheduling,energy management system,day-ahead/near-real-time scheduling,safe reinforcement learning,chance constraints and CVaR risk formulation,"reserve, CHP, ESS and demand response under islanding",uncertainty/risk,hybrid,CVaR/chance-constrained resilient scheduling,simulation,F0,A3,Yes,NR,NR,NR,NR,Yes,Yes,Yes,reward/objective and CVaR,hurricane at 44th time slot and 2-hour islanding duration,NR,Yes,NR,NR,Yes,Yes,training time 6 h versus 28 h for DQN in ODT note,CVaR confidence level 95% reported,Yes,Yes,islanding and reserve-response assumptions,CHP and ESS model,CVaR 95% confidence level,commercial building case,ODT note reports CVaR confidence level 95% and objective values 77.62 scenario-based versus 78.53 CVaR-based,Plausibility evidence,"Included primary claim: method-task-operating-context evidence extracted from local source text, metadata, or ODT note."
C031,S054,9916278,transition-focused,transient voltage control,transient voltage instability after faults,IEEE 9-bus power system,No,physics-informed reinforcement-learning controller,transient voltage control,emergency control,emergency control,physics-informed reinforcement learning,physical-model constraints constrain the data-driven RL model,transient voltage stability,hybrid,soft penalty,physics-informed transient voltage control,IEEE 9-bus simulation,F1,A2,Yes,Yes,NR,NR,Yes,Yes,NR,NR,effectiveness and superiority in IEEE-9 bus example,fault or disturbance scenarios,NR,Yes,NR,NR,NR,NR,NR,Mutool-recovered abstract says rapid scheduling but exact latency NR,Yes,NR,transient power-system DAE assumptions,generator tripping/control actions,NR,IEEE 9-bus system,NR,Plausibility evidence,"Included primary claim: method-task-operating-context evidence extracted from local source text, metadata, or ODT note."
C032,S055,9939922,operational,active distribution grid event classification,event/fault classification,active distribution grid,Yes,physics-informed graph neural network,event classification,protection monitoring,protection monitoring,physics-informed graph neural network,graph topology and PMU measurements,event classes from PMU data,architecture/structure,audited only,physics-informed classification,simulation,F1,A3,No,Yes,Yes,Yes,NR,NR,NR,NR,classification performance under noise/missing data,"SNR settings and missing PMU fractions 10%, 40%, 80%",Yes,Yes,Yes,NR,NR,NR,NR,NR,Yes,Yes,PMU event simulation assumptions,PMU measurements,NR,active distribution grid cases,NR,Plausibility evidence,"Included primary claim: method-task-operating-context evidence extracted from local source text, metadata, or ODT note."
C033,S057,Wu2026Multiagent,operational,multi-microgrid resilience under extreme weather,extreme-weather resilience,microgrids,Yes,multiagent reinforcement-learning coordination policy,resilience enhancement,resilience scheduling/control,operational scheduling,multiagent reinforcement learning,microgrid resilience objective in MARL environment,microgrid resources under extreme events,uncertainty/risk,soft penalty,reward-shaped resilience optimization,simulation,F0,A2,Yes,NR,NR,NR,NR,NR,NR,NR,resilience and reward outcomes,extreme weather scenarios,NR,Yes,NR,NR,Yes,NR,NR,NR,Yes,NR,extreme-weather scenario assumptions,microgrid resources,weather-event uncertainty,multiagent/multiple microgrids,NR,Plausibility evidence,"Included primary claim: method-task-operating-context evidence extracted from local source text, metadata, or ODT note."
C034,S059,aryal2025active,enabling,microgrid frequency dynamics prediction across excitations,frequency dynamics across excitations,microgrid,Yes,active-learning neural ordinary differential equation,frequency dynamics prediction,monitoring and model support,online screening,neural ODE,ODE structure learned from frequency-dynamics data,frequency dynamics,architecture/structure,audited only,learned dynamic surrogate,simulation,F1,A3,No,NR,Yes,NR,Yes,NR,NR,NR,GoF and MSE,"initial guesses, topology transfer learning, noise distribution, step/square excitation",Yes,Yes,Yes,NR,NR,Yes,"training 65 h local, 40.7 h HPC, inference microsecond range",Inference reported in microsecond range; training times reported,Yes,Yes,frequency dynamics simulation assumptions,microgrid frequency dynamics model,noise distribution tested,topology transfer learning tested,ODT note reports GoF generally above 85% and MSE within 1e-6 p.u. except Delta omega dot around 80% GoF,Plausibility evidence,"Included primary claim: method-task-operating-context evidence extracted from local source text, metadata, or ODT note."
C035,S059,aryal2025active,enabling,neural ODE transfer learning under topology changes,frequency dynamics across excitations,microgrid,Yes,active-learning neural ordinary differential equation,topology-transfer dynamics learning,monitoring and model support,online screening,neural ODE,ODE structure learned from frequency-dynamics data,frequency dynamics,architecture/structure,audited only,learned dynamic surrogate,simulation,F1,A3,No,NR,Yes,NR,Yes,NR,NR,NR,GoF and MSE,"initial guesses, topology transfer learning, noise distribution, step/square excitation",Yes,Yes,Yes,NR,NR,Yes,"training 65 h local, 40.7 h HPC, inference microsecond range",Inference reported in microsecond range; training times reported,Yes,Yes,frequency dynamics simulation assumptions,microgrid frequency dynamics model,noise distribution tested,topology transfer learning tested,ODT note reports topology changes via transfer learning and microsecond-range inference; exact topology count NR,Plausibility evidence,"Included primary claim: method-task-operating-context evidence extracted from local source text, metadata, or ODT note."
C036,S061,bu2024hybrid,operational,community integrated energy demand response,demand-response operation,community integrated energy system,No,hybrid data-driven operation model,demand response,energy management system,operational scheduling,hybrid data-driven optimization,virtual and physical energy storage represented in operation model,demand-response and storage constraints,hybrid,audited only,model-data co-driven operation,case-study simulation,F0,A1,Yes,NR,NR,NR,NR,NR,NR,NR,operation performance,NR,NR,NR,NR,NR,NR,NR,NR,NR,Yes,NR,storage operation assumptions,virtual and physical energy storage,NR,community integrated energy system,NR,Plausibility evidence,"Included primary claim: method-task-operating-context evidence extracted from local source text, metadata, or ODT note."
C037,S063,cestero2025optimizing,operational,smart-grid energy management with surrogate environment,energy-management RL training,smart grid,Yes,RL policy trained with PINN surrogate,energy management,energy management system,dispatch interval,RL with PINN surrogate,surrogate model built using physics-informed neural networks,energy management environment dynamics,hybrid,audited only,physics-informed surrogate for RL,simulation,F0,A3,Yes,NR,NR,NR,NR,NR,NR,NR,"reward, MAE and R2",out-of-distribution expert versus random sampling; PPO parameter sweep,NR,NR,NR,NR,NR,Yes,surrogate about 10x faster; MAE about 1.05e-3 and R2 about 0.91,100 parallel environments and rollout buffer 30 identified in sensitivity sweep,Yes,Yes,simulator/surrogate assumptions,smart-grid resources,OOD analysis reported,NR,surrogate about 10x faster; MAE about 1.05e-3 and R2 about 0.91,Plausibility evidence,"Included primary claim: method-task-operating-context evidence extracted from local source text, metadata, or ODT note."
C038,S064,chen2025curriculum,operational,large-scale transient stability preventive dispatch,look-ahead transient stability under extreme events,large-scale power grid,Yes,curriculum-based deep evolutionary learning policy,preventive dispatch,real-time dispatch,real-time dispatch,deep evolutionary learning,transient-stability constraints in reward/dispatch learning,transient stability and dispatch feasibility,runtime enforcement,hybrid,stability-constrained dispatch policy,simulation,F1,A3,Yes,Yes,Yes,Yes,Yes,Yes,Yes,NR,"unsafe cases, reward and relative error versus MPC","2% Gaussian noise, multi-seed repetition, penalty-factor sensitivity",Yes,Yes,Yes,NR,Yes,Yes,0.39 s per step versus 13.2 min MPC; unsafe cases 0/500,Ray-based parallelization shows near-linear speedup in ODT note,Yes,Yes,extreme-event transient stability assumptions,large-scale grid dispatch controls,noise injection tested,IEEE 39-bus noted; large-scale claim with parallelization,0.39 s per step versus 13.2 min MPC; unsafe cases 0/500,Plausibility evidence,"Included primary claim: method-task-operating-context evidence extracted from local source text, metadata, or ODT note."
C039,S065,chen2025modified,enabling,microgrid transient response modeling,transient response,microgrid,Yes,modified hard-constrained PINN,transient response modeling,dynamic assessment,offline planning,hard-constrained PINN,hard physical constraints enforce consistent transient response,microgrid transient dynamics,architecture/structure,hard runtime enforcement,hard physical consistency constraint,simulation,F1,A2,No,Yes,Yes,NR,NR,NR,NR,NR,transient-response error,NR,NR,Yes,NR,NR,NR,NR,NR,NR,Yes,NR,microgrid transient physics assumptions,microgrid dynamic model,NR,NR,NR,Plausibility evidence,"Included primary claim: method-task-operating-context evidence extracted from local source text, metadata, or ODT note."
C040,S066,coulombe2025simulation,enabling,closed-loop dc-dc converter simulation,converter steady-state and transient simulation,dc-dc converter in microgrid context,Yes,BiLSTM-PINN converter model,converter simulation surrogate,device modeling,offline planning,PINN recurrent model,converter physics constraints added to BiLSTM,converter output trajectories,training loss,soft penalty,physics-constrained converter surrogate,closed-loop converter simulation,F2,A3,No,Yes,No,Yes,NR,NR,NR,NR,RMSE distribution,50 trained models; steady-state and transient runs,NR,Yes,NR,NR,NR,NR,RMSE reductions 54% steady-state and 67% transient versus BiLSTM,Peak RMSE distribution reduced 64% and 80% in ODT note,Yes,Yes,closed-loop converter model assumptions,dc-dc converter,trial-to-trial variation evaluated,device-level,RMSE reductions 54% steady-state and 67% transient versus BiLSTM,Plausibility evidence,"Included primary claim: method-task-operating-context evidence extracted from local source text, metadata, or ODT note."
C041,S070,feng2023stability,operational,decentralized real-time voltage control,voltage control with stability constraint,active distribution network,Yes,stability-constrained RL policy,voltage control,real-time voltage control,real-time control,stability-constrained reinforcement learning,stability constraint imposed during RL policy learning,voltage and stability constraints,runtime enforcement,hybrid,stability-constrained control,simulation,F0,A2,Yes,Yes,NR,NR,NR,Yes,NR,NR,voltage-control objective and stability satisfaction,operating scenarios,NR,NR,NR,NR,NR,NR,NR,Title states real-time; exact latency NR,Yes,NR,voltage stability constraints,distributed voltage-control resources,NR,NR,NR,Plausibility evidence,"Included primary claim: method-task-operating-context evidence extracted from local source text, metadata, or ODT note."
C042,S071,ge2024physics,operational,microgrid economic dispatch,economic dispatch,microgrid,Yes,physics-informed convolutional neural network,economic dispatch,dispatch optimization,dispatch interval,physics-informed convolutional neural network,microgrid dispatch physics in CNN training,dispatch feasibility/cost,training loss,soft penalty,physics-informed dispatch prediction,simulation,F0,A1,Yes,NR,NR,NR,NR,NR,NR,NR,economic dispatch error/cost,NR,NR,NR,NR,NR,NR,NR,NR,NR,Yes,NR,economic dispatch constraints,microgrid DERs,NR,NR,NR,Plausibility evidence,"Included primary claim: method-task-operating-context evidence extracted from local source text, metadata, or ODT note."
C043,S072,gram2025safe,operational,distribution-grid prescriptive maintenance,maintenance under grid constraints,distribution grid,Yes,Bi-Mamba+ constrained policy optimization policy,prescriptive maintenance,asset/grid operation planning,operational scheduling,safe reinforcement learning,constrained policy optimization with grid-state perception,maintenance and grid safety constraints,uncertainty/risk,hybrid,constrained policy optimization,Danish grid case study,F0,A2,Yes,Yes,NR,Yes,NR,Yes,NR,NR,maintenance objective and constraint satisfaction,case-study scenarios,Yes,NR,NR,NR,Yes,NR,NR,NR,Yes,NR,distribution-grid operating constraints,distribution grid assets,NR,Danish grid case,NR,Plausibility evidence,"Included primary claim: method-task-operating-context evidence extracted from local source text, metadata, or ODT note."
C044,S075,huang2020neural_lyapunov_interconnected,transition-focused,interconnected microgrid stability monitoring,grid-connected and three-microgrid interconnection transient stability,interconnected microgrids,Yes,neural Lyapunov security-region estimator,transient stability assessment,real-time security monitoring,online screening,neural Lyapunov,DAE interface dynamics and algebraic power-flow constraints inform Lyapunov learning,security region and tolerated disturbance extent,certificate,certificate-based,Lyapunov security-region certificate,grid-connected and three-microgrid simulation,F1,A2,Yes,Yes,NR,NR,Yes,Yes,NR,NR,security region conservativeness,grid-connected microgrid and three-microgrid interconnection,Yes,Yes,NR,NR,NR,NR,NR,Source states real-time monitoring use; exact runtime NR,Yes,NR,PCC interface and DAE assumptions,microgrid PCC voltage angle/magnitude dynamics,NR,single and three-microgrid cases,NR,Plausibility evidence,"Included primary claim: method-task-operating-context evidence extracted from local source text, metadata, or ODT note."
C045,S076,huang2024data,operational,DC microgrid bus-voltage recovery under communication constraints,voltage regulation with communication constraints,islanded DC microgrid,Yes,data-driven distributed predictive controller,voltage regulation,secondary control,real-time control,data-driven predictive control,data-driven time-varying linear model replaces explicit physical model,bus voltage and current sharing,runtime enforcement,hard runtime enforcement,predictive-control constraints under delays/losses,hardware microgrid experimental platform,F3,A3,Yes,Yes,No,Yes,NR,Yes,NR,NR,voltage recovery and current-sharing error,network delays and packet losses,NR,Yes,NR,Yes,NR,Yes,NR,Hardware platform validation reported in ODT abstract; exact runtime NR,Yes,NR,communication delay and packet-loss assumptions,DC converters and bus voltage model,NR,hardware microgrid platform,ODT abstract reports bus-voltage restoration using a data-driven distributed predictive controller; exact voltage error NR,Plausibility evidence,"Included primary claim: method-task-operating-context evidence extracted from local source text, metadata, or ODT note."
C046,S076,huang2024data,operational,DC microgrid current sharing under communication constraints,voltage regulation with communication constraints,islanded DC microgrid,Yes,data-driven distributed predictive controller,current sharing,secondary control,real-time control,data-driven predictive control,data-driven time-varying linear model replaces explicit physical model,bus voltage and current sharing,runtime enforcement,hard runtime enforcement,predictive-control constraints under delays/losses,hardware microgrid experimental platform,F3,A3,Yes,Yes,No,Yes,NR,Yes,NR,NR,voltage recovery and current-sharing error,network delays and packet losses,NR,Yes,NR,Yes,NR,Yes,NR,Hardware platform validation reported in ODT abstract; exact runtime NR,Yes,NR,communication delay and packet-loss assumptions,DC converters and bus voltage model,NR,hardware microgrid platform,ODT abstract reports accurate current sharing while compensating network delays and packet losses; exact current-sharing error NR,Plausibility evidence,"Included primary claim: method-task-operating-context evidence extracted from local source text, metadata, or ODT note."
C047,S077,huang2024prediction,operational,coordinated microgrid dispatch,prediction-free dispatch,microgrid,Yes,data-driven online optimization controller,coordinated dispatch,energy management system,dispatch interval,data-driven online optimization,safety-cost static optimization without forecasts,operation cost and voltage satisfaction,runtime enforcement,hard runtime enforcement,safety-cost multiobjective dispatch,operational simulation,F0,A3,Yes,Yes,NR,NR,NR,Yes,Yes,NR,operation cost and voltage satisfaction rate,forecast/reference inaccuracy and phi/reference sensitivity,NR,NR,NR,NR,NR,Yes,1.9 versus 37.6 min/day; voltage satisfaction 87.33% to 100%,Two-month operational comparison reported,Yes,Yes,voltage-satisfaction constraints,microgrid DERs,forecast error sensitivity,two-month microgrid dispatch case,1.9 versus 37.6 min/day; voltage satisfaction 87.33% to 100%,Plausibility evidence,"Included primary claim: method-task-operating-context evidence extracted from local source text, metadata, or ODT note."
C048,S079,komala2025iot,operational,islanding detection through microgrid hierarchical control,grid-connected to island mode,microgrid,Yes,CMPA-PINN islanding detector,islanding detection,hierarchical control/ICT layer,protection monitoring,PINN hybrid optimization,PINN predicts optimized traffic/control flow in IoT microgrid hierarchy,"voltage, frequency and THD deviation",hybrid,soft penalty,islanding detection and deviation reduction,MATLAB simulation,F1,A2,Yes,Yes,Yes,NR,Yes,NR,NR,NR,"voltage, frequency and THD deviation",grid-connected and island modes,NR,Yes,NR,Yes,NR,NR,NR,ODT abstract mentions IoT traffic-flow optimization; exact latency NR,Yes,NR,IoT communication hierarchy assumptions,microgrid hierarchical control,NR,NR,NR,Plausibility evidence,"Included primary claim: method-task-operating-context evidence extracted from local source text, metadata, or ODT note."
C049,S080,kumar2025physics,operational,grid-forming converter overload stability,overload stability,grid-forming converter,Yes,PINN-based controller,converter stability control,primary converter control,real-time control,PINN control,converter stability physics in neural control design,overload stability limits,training loss,soft penalty,physics-informed stability control,simulation,F1,A1,Yes,Yes,Yes,Yes,NR,Yes,NR,NR,converter stability under overload,overload conditions,NR,Yes,NR,NR,NR,NR,NR,NR,NR,NR,overload condition assumptions,grid-forming converter,NR,device-level,NR,Plausibility evidence,"Included primary claim: method-task-operating-context evidence extracted from local source text, metadata, or ODT note."
C050,S082,long2020data,enabling,PV-station equivalent dynamic modeling,PV dynamic response,multiple photovoltaic power stations,Yes,ensemble GRU hybrid equivalent model,dynamic equivalent modeling,dynamic assessment,offline planning,data-driven hybrid dynamic modeling,hybrid equivalent dynamic model with ensemble gated recurrent units,PV station dynamic response,gray-box residual,audited only,hybrid equivalent modeling,simulation/case-study data,F1,A1,No,Yes,NR,NR,NR,NR,NR,NR,dynamic modeling error,NR,NR,Yes,NR,NR,NR,NR,NR,NR,Yes,NR,PV-station equivalent model assumptions,photovoltaic power stations,NR,multiple PV stations,NR,Plausibility evidence,"Included primary claim: method-task-operating-context evidence extracted from local source text, metadata, or ODT note."
C051,S086,moradi2023physics,enabling,Hamiltonian learning under output-error noise,noisy physical-system identification,physical dynamical system,No,Hamiltonian neural network with output-error noise model,system identification,model identification,offline planning,Hamiltonian neural network,Hamiltonian structure plus output-error noise model,physical-system trajectory consistency,architecture/structure,audited only,physics-informed noisy system identification,simulation/examples,F0,A2,No,No,No,No,No,NR,NR,NR,RMSE/trajectory error,measurement-noise modeling,No,NR,Yes,NR,NR,NR,NR,IFAC source; power/microgrid application not reported,Yes,NR,Hamiltonian-system assumptions,generic physical system,output-error noise model,generic examples,NR,Plausibility evidence,"Included primary claim: method-task-operating-context evidence extracted from local source text, metadata, or ODT note."
C052,S087,ngo2024physics,enabling,power-system state estimation,state estimation across feeder sizes,power distribution feeders,Yes,physics-informed graphical neural network,state estimation,state estimator,online screening,physics-informed graph neural network,graph structure and power-flow physics in estimator,voltage and current state estimates,architecture/structure,audited only,physics-informed state estimation,simulation benchmarks,F0,A3,No,Yes,NR,Yes,NR,NR,NR,NR,MSE/RMSE,load changes 70% to 130%; reduced measurements; multiple feeder sizes,Yes,NR,Yes,NR,NR,NR,MSE around 0.0032 to 0.0039; average RMSE around 0.0139,Large-scale IEEE 8500-bus case noted,Yes,Yes,power-flow/state-estimation assumptions,distribution feeder measurements,NR,IEEE 8500-bus case and multiple feeders,MSE around 0.0032 to 0.0039; average RMSE around 0.0139,Plausibility evidence,"Included primary claim: method-task-operating-context evidence extracted from local source text, metadata, or ODT note."
C053,S090,pang2024fast,operational,inverter-based microgrid stability enhancement,fast stability enhancement,inverter-based microgrid,Yes,NGO-LSTM algorithm,stability enhancement,control support,real-time control,LSTM control/optimization,microgrid dynamic response learned by LSTM optimized with NGO,microgrid stability response,hybrid,audited only,data-driven stability enhancement,simulation,F1,A1,Yes,Yes,Yes,NR,Yes,NR,NR,NR,stability enhancement performance,NR,NR,Yes,NR,NR,NR,NR,NR,NR,Yes,NR,inverter-based microgrid dynamic assumptions,inverters,NR,NR,NR,Plausibility evidence,"Included primary claim: method-task-operating-context evidence extracted from local source text, metadata, or ODT note."
C054,S093,ping2021deep,operational,power-grid transient stability MPC,post-disturbance transient stability,power grid,Yes,deep Koopman MPC controller,transient stability control,model predictive control,emergency control,deep Koopman MPC,Koopman operator maps nonlinear dynamics to linear lifted system for MPC,generator-bus energy storage injections,architecture/structure,hard runtime enforcement,MPC constrained control in lifted coordinates,IEEE 9-bus and IEEE 39-bus simulation,F1,A2,Yes,NR,Yes,NR,Yes,NR,NR,NR,transient stability enhancement,IEEE 9-bus and 39-bus cases,Yes,Yes,NR,NR,NR,NR,NR,ODT abstract does not report runtime,Yes,NR,energy storage actuator assumptions,synchronous generators and energy storage,NR,IEEE 9-bus and IEEE 39-bus,NR,Plausibility evidence,"Included primary claim: method-task-operating-context evidence extracted from local source text, metadata, or ODT note."
C055,S094,r2024machine,operational,grid-connected microgrid energy management and forecasting,grid-connected operation,grid-connected microgrid,Yes,machine-learning forecasting and energy-management model,energy management and forecasting,energy management system,dispatch interval,machine learning,microgrid resource data used for forecast/control,power forecasts and dispatch,not applicable,audited only,data-driven forecast/EMS,case-study evaluation,F0,A1,Yes,NR,NR,NR,NR,NR,NR,NR,forecasting and management performance,NR,NR,NR,NR,NR,NR,NR,NR,NR,Yes,NR,grid-connected microgrid assumptions,multiple distributed energy sources,NR,NR,NR,Plausibility evidence,"Included primary claim: method-task-operating-context evidence extracted from local source text, metadata, or ODT note."
C056,S098,singhal2026physics,operational,AC microgrid anomaly identification,physical and cyber anomaly detection,AC microgrid,Yes,physics-informed ANN anomaly detector,anomaly detection,monitoring/protection,protection monitoring,physics-informed ANN,load-sharing controller physics informs ANN features/model,centralized load-sharing anomalies,training loss,audited only,physics-informed anomaly identification,simulation,F1,A1,No,Yes,Yes,Yes,NR,NR,NR,NR,classification/anomaly-detection performance,physical and cyber anomaly cases,NR,Yes,Yes,NR,NR,NR,NR,NR,NR,NR,centralized load-sharing controller assumptions,AC microgrid load-sharing controller,NR,NR,NR,Plausibility evidence,"Included primary claim: method-task-operating-context evidence extracted from local source text, metadata, or ODT note."
C057,S099,stock2024bayesian,enabling,inverter-dominated system identification,system identification under uncertainty,inverter-dominated power system,No,Bayesian physics-informed neural network,system identification,model identification,offline planning,Bayesian PINN,power-system dynamic equations in Bayesian PINN,inverter-dominated dynamics,uncertainty/risk,audited only,Bayesian physics-informed identification,simulation,F1,A2,No,Yes,Yes,NR,NR,NR,NR,NR,system-identification error and posterior uncertainty,uncertainty/noise assumptions,NR,Yes,Yes,NR,NR,NR,NR,NR,Yes,NR,inverter-dominated dynamic model assumptions,inverter-dominated system,Bayesian posterior uncertainty,NR,NR,Plausibility evidence,"Included primary claim: method-task-operating-context evidence extracted from local source text, metadata, or ODT note."
C058,S100,sun2025integrated,operational,resilient distribution reconfiguration,topology reconstruction and risk-aware reconfiguration,power distribution system,Yes,integrated data-driven topology reconstruction and risk-aware reconfiguration model,reconfiguration,restoration/reconfiguration planning,operational scheduling,data-driven topology reconstruction,topology reconstruction coupled with risk-aware reconfiguration,topology and reconfiguration feasibility,uncertainty/risk,hard runtime enforcement,risk-aware reconfiguration constraints,simulation,F0,A2,Yes,Yes,NR,Yes,NR,Yes,NR,NR,risk-aware reconfiguration performance,incomplete observability,Yes,NR,Yes,NR,Yes,NR,NR,NR,Yes,NR,incomplete-observability and topology assumptions,distribution switches and resources,risk-aware formulation,NR,NR,Plausibility evidence,"Included primary claim: method-task-operating-context evidence extracted from local source text, metadata, or ODT note."
C059,S104,wang2023secure,operational,multi-energy microgrid energy management,secure energy management,multi-energy microgrid,Yes,physical-informed safe reinforcement-learning policy,energy management,energy management system,dispatch interval,physical-informed safe reinforcement learning,physical constraints embedded in safe RL formulation,multi-energy microgrid operating constraints,hybrid,hybrid,physical-informed safe RL,simulation,F0,A2,Yes,NR,NR,NR,NR,Yes,NR,NR,energy-management objective and safety,operating scenarios,NR,NR,NR,NR,NR,NR,NR,NR,Yes,NR,physical safety constraints,multi-energy microgrid resources,NR,NR,NR,Plausibility evidence,"Included primary claim: method-task-operating-context evidence extracted from local source text, metadata, or ODT note."
C060,S107,wu2025resilience,operational,EV coordination in multiple microgrids,restoration/resilience with EV mobility,multiple microgrids,Yes,distributed deep reinforcement-learning EV coordination policy,resilience restoration,resilience scheduling,operational scheduling,distributed deep reinforcement learning,load restoration and fairness metrics in distributed policy,EV movement and restored load,uncertainty/risk,soft penalty,resilience/fairness reward,simulation,F0,A3,Yes,NR,NR,NR,NR,NR,NR,NR,"load restoration, cost and Jain fairness index",maximum EV moving distance and transport constraints,Yes,Yes,NR,Yes,Yes,NR,NR,ODT note reports sensitivity to EV/transport constraints,Yes,Yes,EV movement and transport constraints,electric vehicles and microgrid resources,NR,multiple microgrids,NR,Plausibility evidence,"Included primary claim: method-task-operating-context evidence extracted from local source text, metadata, or ODT note."
C061,S109,xu2024resilient,transition-focused,dynamic microgrid formation,resilient microgrid formation,distribution system with microgrids,Yes,deep reinforcement learning with PINN integration,microgrid formation,restoration/reconfiguration planning,operational scheduling,DRL with PINN,physics-informed neural networks integrated into DRL formation policy,microgrid formation feasibility,hybrid,hybrid,physics-informed resilient formation policy,simulation,F0,A2,Yes,Yes,NR,Yes,Yes,Yes,NR,NR,resilience/restoration performance,post-event formation scenarios,Yes,Yes,NR,NR,Yes,NR,NR,NR,Yes,NR,islanding/formation feasibility assumptions,switches and distributed resources,NR,NR,NR,Plausibility evidence,"Included primary claim: method-task-operating-context evidence extracted from local source text, metadata, or ODT note."
C062,S110,xun2025single,operational,hydrogen electrolyzer array converter MPC,PV-HESS-PEM microgrid converter operation,PV-HESS-PEM microgrid converter,Yes,DNN-based model predictive controller,converter MPC,converter control,real-time control,deep neural network MPC,converter/microgrid model used by DNN-MPC,single-inductor multiple-output converter limits,runtime enforcement,hard runtime enforcement,MPC device constraints,simulation,F2,A1,Yes,Yes,No,Yes,NR,NR,NR,NR,converter control performance,NR,NR,NR,NR,NR,NR,NR,NR,NR,Yes,NR,converter and electrolyzer operating assumptions,SIMO converter for electrolyzer arrays,NR,device-level,NR,Plausibility evidence,"Included primary claim: method-task-operating-context evidence extracted from local source text, metadata, or ODT note."
C063,S111,zhang2024physics,operational,nominal distributed voltage control with PV inverters,active-distribution voltage regulation,active distribution network,Yes,physics-informed multi-agent DRL controller,distributed voltage control,real-time voltage control,real-time control,physics-informed multi-agent deep RL,grid topology and voltage physics in multi-agent DRL,PV inverter voltage control and curtailment,hybrid,hybrid,physics-informed multiagent control,IEEE 33-bus and 141-bus simulation,F0,A3,Yes,Yes,No,NR,NR,Yes,Yes,NR,"reward, voltage deviation, curtailment and testing time","10 random seeds, communication failures, 33-bus and 141-bus systems",Yes,NR,NR,NR,NR,Yes,shorter testing time than MADDPG and DDPG in ODT note,Communication-failure modes evaluated by reward and survival steps,Yes,Yes,voltage-control and PV-inverter assumptions,PV inverters,random seeds and uncertainty realizations,IEEE 33-bus and IEEE 141-bus,"ODT note reports higher average reward, lower voltage deviation, lower curtailment, and shorter testing time versus MADDPG and DDPG",Plausibility evidence,"Included primary claim: method-task-operating-context evidence extracted from local source text, metadata, or ODT note."
C064,S111,zhang2024physics,operational,distributed voltage control under communication failure,active-distribution voltage regulation,active distribution network,Yes,physics-informed multi-agent DRL controller,communication-failure robustness,real-time voltage control,real-time control,physics-informed multi-agent deep RL,grid topology and voltage physics in multi-agent DRL,PV inverter voltage control and curtailment,hybrid,hybrid,physics-informed multiagent control,IEEE 33-bus and 141-bus simulation,F0,A3,Yes,Yes,No,NR,NR,Yes,Yes,NR,"reward, voltage deviation, curtailment and testing time","10 random seeds, communication failures, 33-bus and 141-bus systems",Yes,NR,NR,Yes,NR,Yes,shorter testing time than MADDPG and DDPG in ODT note,Communication-failure modes evaluated by reward and survival steps,Yes,Yes,voltage-control and PV-inverter assumptions,PV inverters,random seeds and uncertainty realizations,IEEE 33-bus and IEEE 141-bus,ODT note reports Table 3 communication-failure tests using episodic reward and survival steps,Plausibility evidence,"Included primary claim: method-task-operating-context evidence extracted from local source text, metadata, or ODT note."
C065,S113,zheng2024distributed,operational,distributed economic control of microgrids,economic control,microgrid,Yes,reinforcement pinning control strategy,economic control,distributed control,operational control,reinforcement pinning control,distributed economic-control objective in reinforcement pinning framework,microgrid economic dispatch/control,hybrid,audited only,distributed economic control,simulation,F0,A1,Yes,NR,NR,NR,NR,NR,NR,NR,economic-control performance,NR,NR,NR,NR,Yes,NR,NR,NR,NR,Yes,NR,distributed control assumptions,microgrid DERs,NR,NR,NR,Plausibility evidence,"Included primary claim: method-task-operating-context evidence extracted from local source text, metadata, or ODT note."
C066,S115,zhu2025operation,operational,DC microgrid operation optimization,stability-economy operation,DC microgrid,Yes,model-data co-driven operation framework,operation optimization,energy management system,dispatch interval,model-data co-driven optimization,model-driven stability constraints with data-driven solution component,DC microgrid stability and economy,hybrid,hard runtime enforcement,stability-feasible economic optimization,simulation,F0,A3,Yes,Yes,No,Yes,NR,Yes,Yes,NR,solution time and stability feasibility,load factor sensitivity 0.8 to 1.0,NR,NR,NR,NR,NR,Yes,solution within seconds versus about one minute; surrogate DE violates stability at load factor 0.95,load-factor sensitivity reports stability feasibility,Yes,Yes,DC microgrid stability constraint assumptions,DC microgrid converters/resources,load factor sensitivity,NR,solution within seconds versus about one minute; surrogate DE violates stability at load factor 0.95,Plausibility evidence,"Included primary claim: method-task-operating-context evidence extracted from local source text, metadata, or ODT note."
