source_id,citation_key,title,authors,year,venue,doi,document_type,evidence_role,system_domain,system_type,system_relevance,main_topic,learning_method,physics_or_domain_model_element,operational_relevance,validation_type,evidence_note
W001,10025395,Safe and Stable Secondary Voltage Control of Microgrids Based on Explicit Neural Networks,"Ma, Zixiao and Zhang, Qianzhi and Wang, Zhaoyu",2023,IEEE Transactions on Smart Grid,10.1109/tsg.2023.3239548,Journal article,Primary evaluation,Microgrid,Islanded microgrid,Yes,voltage control,machine learning,power-flow equations; converter/inverter dynamics; voltage/frequency limits,voltage control,Simulation/experiment evidence,"Central physics-informed, data-driven, safe, or constrained method with extractable system/task evidence."
W002,10040615,Safe Deep Reinforcement Learning for Microgrid Energy Management in Distribution Networks With Leveraged Spatial-Temporal Perception,"Ye, Yujian and Wang, Hongru and Chen, Peiling and Tang, Yi and Strbac, Goran",2023,IEEE Transactions on Smart Grid,10.1109/tsg.2023.3243170,Journal article,Primary evaluation,Microgrid,Distribution network,Yes,energy management,safe reinforcement learning,DAE/ODE dynamics,energy management,Simulation/experiment evidence,"Central physics-informed, data-driven, safe, or constrained method with extractable system/task evidence."
W003,10050868,A Review of Microgrid Energy Management and Control Strategies,"Ahmad, Saad and Shafiullah, Md and Ahmed, Chokri Belhaj and Alowaifeer, Maad",2023,IEEE Access,10.1109/access.2023.3248511,Review article,Review/contextual synthesis,Microgrid,Power grid,Yes,energy management,NR,NR,energy management,Review/no primary validation,"Useful for background, taxonomy, motivation, or method comparison but not counted as primary evidence."
W004,10121806,Safety-Constrained Stagewise Optimization of Droop Control Parameters for Isolated Microgrids,"Liu, Yitong and Li, Zhengshuo and Zhao, Junbo",2024,IEEE Transactions on Smart Grid,10.1109/tsg.2023.3274589,Journal article,Contextual method/background,Microgrid,NR,Yes,modeling and system identification,NR,converter/inverter dynamics; voltage/frequency limits,modeling and system identification,NR,"Useful for background, taxonomy, motivation, or method comparison but not counted as primary evidence."
W005,10124785,Decentralized Secondary Frequency Control of Autonomous Microgrids via Adaptive Robust -Gain Performance,"Liu, Jiayi and Song, Huihui and Chen, Chenyue and Guerrero, Josep M. and Liu, Meng and Qu, Yanbin",2024,IEEE Transactions on Smart Grid,10.1109/tsg.2023.3274235,Journal article,Excluded non-primary study,Microgrid,Converter/device,Yes,frequency control,NR,DAE/ODE dynamics; converter/inverter dynamics; voltage/frequency limits,frequency control,NR,Learning or data-driven method is not central to the available source evidence.
W006,10128154,Inverter PQ Control With Trajectory Tracking Capability for Microgrids Based on Physics-Informed Reinforcement Learning,"She, Buxin and Li, Fangxing and Cui, Hantao and Shuai, Hang and Oboreh-Snapps, Oroghene and Bo, Rui and Praisuwanna, Nattapat and Wang, Jingxin and Tolbert, Leon M.",2024,IEEE Transactions on Smart Grid,10.1109/tsg.2023.3277330,Journal article,Primary evaluation,Microgrid,Converter/device,Yes,physics-informed/data-driven power-system method,physics-informed reinforcement learning,converter/inverter dynamics,physics-informed/data-driven power-system method,Simulation/experiment evidence,"Central physics-informed, data-driven, safe, or constrained method with extractable system/task evidence."
W007,10141545,Machine Learning With Data Assimilation and Uncertainty Quantification for Dynamical Systems: A Review,"Cheng, Sibo and Quilodrán-Casas, César and Ouala, Said and Farchi, Alban and Liu, Che and Tandeo, Pierre and Fablet, Ronan and Lucor, Didier and Iooss, Bertrand and Brajard, Julien and Xiao, Dunhui and Janjic, Tijana and Ding, Weiping and Guo, Yike and Carrassi, Alberto and Bocquet, Marc and Arcucci, Rossella",2023,IEEE/CAA Journal of Automatica Sinica,10.1109/jas.2023.123537,Review article,Review/contextual synthesis,NR,NR,No,physics-informed/data-driven power-system method,machine learning,DAE/ODE dynamics,Contextual/background,Review/no primary validation,"Useful for background, taxonomy, motivation, or method comparison but not counted as primary evidence."
W008,10208158,An Improved Neural Lyapunov Method for Transient Stability Assessment of Networked Microgrids,"Liu, Yunfei and Zhang, Junran and Liu, Yan and Yang, Mengling and Chen, Song and Zhou, Lijun and Wang, Yang",2024,IEEE Transactions on Smart Grid,10.1109/tsg.2023.3301855,Journal article,Primary evaluation,Microgrid,Networked microgrid,Yes,transient stability,neural Lyapunov/certificate,DAE/ODE dynamics; Lyapunov/barrier certificate,transient stability,Simulation/experiment evidence,"Central physics-informed, data-driven, safe, or constrained method with extractable system/task evidence."
W009,10233047,"Physics-Informed, Safety and Stability Certified Neural Control for Uncertain Networked Microgrids","Wang, Lizhi and Zhang, Songyuan and Zhou, Yifan and Fan, Chuchu and Zhang, Peng and Shamash, Yacov A.",2024,IEEE Transactions on Smart Grid,10.1109/tsg.2023.3309534,Journal article,Primary evaluation,Microgrid,Networked microgrid,Yes,physics-informed/data-driven power-system method,neural Lyapunov/certificate,Lyapunov/barrier certificate; converter/inverter dynamics,physics-informed/data-driven power-system method,Simulation/experiment evidence,"Central physics-informed, data-driven, safe, or constrained method with extractable system/task evidence."
W010,10238825,Probabilistic Physics-Informed Graph Convolutional Network for Active Distribution System Voltage Prediction,"Su, Tong and Zhao, Junbo and Pei, Yansong and Ding, Fei",2023,IEEE Transactions on Power Systems,10.1109/tpwrs.2023.3311638,Journal article,Primary evaluation,Distribution power system,Active distribution network,Yes,state estimation/prediction,graph neural network,power-flow equations; DAE/ODE dynamics; network topology/graph; voltage/frequency limits,state estimation/prediction,Simulation/experiment evidence,"Central physics-informed, data-driven, safe, or constrained method with extractable system/task evidence."
W011,10246175,"Review of Networked Microgrid Protection: Architectures, Challenges, Solutions, and Future Trends","de la Cruz, Jorge and Wu, Ying and Candelo-Becerra, John E. and Vásquez, Juan C. and Guerrero, Josep M.",2024,CSEE Journal of Power and Energy Systems,10.17775/cseejpes.2022.07980,Review article,Review/contextual synthesis,Microgrid,Networked microgrid,Yes,physics-informed/data-driven power-system method,NR,DAE/ODE dynamics; network topology/graph; voltage/frequency limits,Contextual/background,Review/no primary validation,"Useful for background, taxonomy, motivation, or method comparison but not counted as primary evidence."
W012,10253396,"Learning-Based, Safety and Stability-Certified Microgrid Control","Wang, Lizhi and Zhang, Songyuan and Zhou, Yifan and Fan, Chuchu and Zhang, Peng and Shamash, Yacov A.",2023,2023 IEEE Power \& Energy Society General Meeting (PESGM),10.1109/pesgm52003.2023.10253396,Conference proceeding,Primary evaluation,Microgrid,Converter/device,Yes,physics-informed/data-driven power-system method,neural Lyapunov/certificate,Lyapunov/barrier certificate; converter/inverter dynamics,physics-informed/data-driven power-system method,Simulation/experiment evidence,"Central physics-informed, data-driven, safe, or constrained method with extractable system/task evidence."
W013,10271308,Large-Signal Stability Analysis of Inverter-Based AC Microgrids: A Critical and Analytical Review,"Hosseinpour, Hadis and MansourLakouraj, Mohammad and Benidris, Mohammed and Livani, Hanif",2023,IEEE Access,10.1109/access.2023.3321834,Review article,Review/contextual synthesis,Microgrid,AC microgrid,Yes,physics-informed/data-driven power-system method,NR,DAE/ODE dynamics; Lyapunov/barrier certificate; converter/inverter dynamics,Contextual/background,Review/no primary validation,"Useful for background, taxonomy, motivation, or method comparison but not counted as primary evidence."
W014,10304833,Physics-informed transient stability assessment of microgrids,"Mishra, Priyanka and Zhang, Peng",2023,iEnergy,10.23919/ien.2023.0022,Journal article,Primary evaluation,Microgrid,Converter/device,Yes,transient stability,PINN,DAE/ODE dynamics; Lyapunov/barrier certificate; converter/inverter dynamics; voltage/frequency limits,transient stability,Simulation/experiment evidence,"Central physics-informed, data-driven, safe, or constrained method with extractable system/task evidence."
W015,10336908,Artificial Intelligence Techniques for Enhancing the Performance of Controllers in Power Converter-Based Systems-An Overview,"Gao, Yuan and Wang, Songda and Dragicevic, Tomislav and Wheeler, Patrick and Zanchetta, Pericle",2023,IEEE Open Journal of Industry Applications,10.1109/ojia.2023.3338534,Review article,Review/contextual synthesis,Power electronics,Converter/device,Yes,physics-informed/data-driven power-system method,NR,converter/inverter dynamics,physics-informed/data-driven power-system method,Review/no primary validation,"Useful for background, taxonomy, motivation, or method comparison but not counted as primary evidence."
W016,10375385,"Physics-Informed Machine Learning for Data Anomaly Detection, Classification, Localization, and Mitigation: A Review, Challenges, and Path Forward","Zideh, Mehdi Jabbari and Chatterjee, Paroma and Srivastava, Anurag K.",2024,IEEE Access,10.1109/access.2023.3347989,Review article,Review/contextual synthesis,Power system,Power grid,Yes,fault/anomaly detection,machine learning,DAE/ODE dynamics,fault/anomaly detection,Review/no primary validation,"Useful for background, taxonomy, motivation, or method comparison but not counted as primary evidence."
W017,10416843,Machine Learning Methods for Fault Diagnosis in AC Microgrids: A Systematic Review,"Zaben, Muiz M. and Worku, Muhammed Y. and Hassan, Mohamed A. and Abido, Mohammad A.",2024,IEEE Access,10.1109/access.2024.3360330,Review article,Review/contextual synthesis,Microgrid,AC microgrid,Yes,fault/anomaly detection,machine learning,DAE/ODE dynamics,fault/anomaly detection,Review/no primary validation,"Useful for background, taxonomy, motivation, or method comparison but not counted as primary evidence."
W018,10443944,A Critical Review on DC Microgrids Voltage Control and Power Management,"Al-Ismail, Fahad Saleh",2024,IEEE Access,10.1109/access.2024.3369609,Review article,Review/contextual synthesis,Microgrid,DC microgrid,Yes,voltage control,NR,DAE/ODE dynamics; converter/inverter dynamics; voltage/frequency limits,voltage control,Review/no primary validation,"Useful for background, taxonomy, motivation, or method comparison but not counted as primary evidence."
W019,10489968,PIDGeuN: Graph Neural Network-Enabled Transient Dynamics Prediction of Networked Microgrids Through Full-Field Measurement,"Yu, Yin and Jiang, Xinyuan and Huang, Daning and Li, Yan and Yue, Meng and Zhao, Tianqiao",2024,IEEE Access,10.1109/access.2024.3384457,Journal article,Primary evaluation,Microgrid,Networked microgrid,Yes,transient stability,graph neural network,DAE/ODE dynamics; network topology/graph,transient stability,Simulation/experiment evidence,"Central physics-informed, data-driven, safe, or constrained method with extractable system/task evidence."
W020,10506510,An Adaptive Data-Driven-Based Control for Voltage Control Loop of Grid-Forming Converters in Variable Inertia MGs,"Pinthurat, Watcharakorn and Kongsuk, Prayad and Surinkaew, Tossaporn and Marungsri, Boonruang",2024,IEEE Access,10.1109/access.2024.3392295,Journal article,Primary evaluation,Microgrid,Grid-forming converter microgrid,Yes,voltage control,NR,converter/inverter dynamics; voltage/frequency limits,voltage control,Simulation/experiment evidence,"Central physics-informed, data-driven, safe, or constrained method with extractable system/task evidence."
W021,10507020,Gray-Box Modeling for Distribution Systems With Inverter-Based Resources: Integrating Physics-Based and Data-Driven Approaches,"Zhang, Junhui and Men, Yuxi and Ding, Lizhi and Lu, Xiaonan and Du, Wei",2024,IEEE Transactions on Industry Applications,10.1109/tia.2024.3392710,Journal article,Primary evaluation,Distribution power system,Distribution network,Yes,modeling and system identification,gray-box neural modeling,DAE/ODE dynamics; converter/inverter dynamics,modeling and system identification,Simulation/experiment evidence,"Central physics-informed, data-driven, safe, or constrained method with extractable system/task evidence."
W022,10517491,Interoperability in Microgrids to Improve Energy Access: A Systematic Review,"Suryani, Amalia and Sulaeman, Ilman and Rosyid, Oo Abdul and Moonen, Niek and Popović, Jelena",2024,IEEE Access,10.1109/access.2024.3396275,Review article,Review/contextual synthesis,Microgrid,NR,Yes,physics-informed/data-driven power-system method,NR,NR,Contextual/background,Review/no primary validation,"Useful for background, taxonomy, motivation, or method comparison but not counted as primary evidence."
W023,10527356,Modularized Bilinear Koopman Operator for Modeling and Predicting Transients of Microgrids,"Jiang, Xinyuan and Li, Yan and Huang, Daning",2024,IEEE Transactions on Smart Grid,10.1109/tsg.2024.3399076,Journal article,Primary evaluation,Microgrid,NR,Yes,modeling and system identification,Koopman learning,DAE/ODE dynamics,modeling and system identification,Simulation/experiment evidence,"Central physics-informed, data-driven, safe, or constrained method with extractable system/task evidence."
W024,10540030,Physics-Informed Neural Networks for Power Systems Warm-Start Optimization,"Tudoras-Miravet, Alex and González-Iakl, Esteban and Gomis-Bellmunt, Oriol and Prieto-Araujo, Eduardo",2024,IEEE Access,10.1109/access.2024.3406471,Journal article,Primary evaluation,Power system,Power grid,Yes,physics-informed/data-driven power-system method,PINN,power-flow equations; DAE/ODE dynamics,Contextual/background,Simulation/experiment evidence,"Central physics-informed, data-driven, safe, or constrained method with extractable system/task evidence."
W025,10584332,Topology-Based Stabilization of Islanded Microgrids With Multiple Tie Switches Under Operational Variations: A Neural Control Approach,"Han, Tong and Xu, Yan",2025,IEEE Transactions on Power Systems,10.1109/tpwrs.2024.3422453,Journal article,Primary evaluation,Microgrid,Islanded microgrid,Yes,physics-informed/data-driven power-system method,neural Lyapunov/certificate,Lyapunov/barrier certificate; network topology/graph,physics-informed/data-driven power-system method,Simulation/experiment evidence,"Central physics-informed, data-driven, safe, or constrained method with extractable system/task evidence."
W026,10586887,Research on Distributed Coordination Control Method for Microgrid System Based on Finite-Time Event-Triggered Consensus Algorithm,"Wu, Lizhen and Yang, Heng and Wei, Jianping and Jiang, Wendong",2024,Chinese Journal of Electrical Engineering,10.23919/cjee.2024.000053,Journal article,Excluded non-primary study,Microgrid,Active distribution network,Yes,physics-informed/data-driven power-system method,neural Lyapunov/certificate,DAE/ODE dynamics; Lyapunov/barrier certificate; voltage/frequency limits,physics-informed/data-driven power-system method,NR,Outside inferred primary-evidence scope or lacks extractable evidence.
W027,10630816,Review of Computational Intelligence Approaches for Microgrid Energy Management,"Bilal, Mohd and Algethami, Abdullah A. and Imdadullah and Hameed, Salman",2024,IEEE Access,10.1109/access.2024.3440885,Review article,Review/contextual synthesis,Microgrid,NR,Yes,energy management,NR,NR,energy management,Review/no primary validation,"Useful for background, taxonomy, motivation, or method comparison but not counted as primary evidence."
W028,10665992,Enhancing Transient Dynamics Stabilization in Islanded Microgrids Through Adaptive and Hierarchical Data-Driven Predictive Droop Control,"Nandakumar, Apoorva and Li, Yan and Xu, Zhe and Huang, Daning",2025,IEEE Transactions on Smart Grid,10.1109/tsg.2024.3448460,Journal article,Primary evaluation,Microgrid,Islanded microgrid,Yes,transient stability,data-driven predictive control,DAE/ODE dynamics; converter/inverter dynamics; voltage/frequency limits,transient stability,Simulation/experiment evidence,"Central physics-informed, data-driven, safe, or constrained method with extractable system/task evidence."
W029,10735212,"Artificial Intelligence in the Hierarchical Control of AC, DC, and Hybrid AC/DC Microgrids: A Review","Gutiérrez-Escalona, Javier and Roncero-Clemente, Carlos and Husev, Oleksandr and Matiushkin, Oleksandr and Blaabjerg, Frede",2024,IEEE Access,10.1109/access.2024.3486382,Review article,Review/contextual synthesis,Microgrid,DC microgrid,Yes,physics-informed/data-driven power-system method,NR,DAE/ODE dynamics,physics-informed/data-driven power-system method,Review/no primary validation,"Useful for background, taxonomy, motivation, or method comparison but not counted as primary evidence."
W030,10753627,Structure-Preserving Model Order Reduction for Nonlinear DAE Models of Power Networks,"Nadeem, Muhammad and Taha, Ahmad F.",2025,IEEE Transactions on Power Systems,10.1109/tpwrs.2024.3499853,Journal article,Primary evaluation,Power system,Power grid,Yes,modeling and system identification,neural ODE/DAE,DAE/ODE dynamics; voltage/frequency limits,modeling and system identification,Simulation/experiment evidence,"Central physics-informed, data-driven, safe, or constrained method with extractable system/task evidence."
W031,10833613,Uniform Physics Informed Neural Network Framework for Microgrid and Its Application in Voltage Stability Analysis,"Feng, Renhai and Wajid, Khan and Faheem, Muhammad and Wang, Jiang and Subhan, Fazal E. and Shoaib Bhutta, Muhammad",2025,IEEE Access,10.1109/access.2025.3527047,Journal article,Primary evaluation,Microgrid,Power grid,Yes,physics-informed/data-driven power-system method,PINN,DAE/ODE dynamics; voltage/frequency limits,Contextual/background,Simulation/experiment evidence,"Central physics-informed, data-driven, safe, or constrained method with extractable system/task evidence."
W032,10843279,Physics-Informed Kolmogorov-Arnold Networks for Power System Dynamics,"Shuai, Hang and Li, Fangxing",2025,IEEE Open Access Journal of Power and Energy,10.1109/oajpe.2025.3529928,Journal article,Primary evaluation,Power system,Power grid,Yes,physics-informed/data-driven power-system method,PINN,voltage/frequency limits,Contextual/background,Simulation/experiment evidence,"Central physics-informed, data-driven, safe, or constrained method with extractable system/task evidence."
W033,10852190,Distributionally Robust Neural Control of High-Renewable Islanded Microgrids for Stability Enhancement,"Han, Tong and Xu, Yan",2025,IEEE Transactions on Smart Grid,NR,Journal article,Primary evaluation,Microgrid,Islanded microgrid,Yes,physics-informed/data-driven power-system method,neural Lyapunov/certificate,Lyapunov/barrier certificate; chance/CVaR risk constraint,physics-informed/data-driven power-system method,Simulation/experiment evidence,"Central physics-informed, data-driven, safe, or constrained method with extractable system/task evidence."
W034,10887332,Neuro-Modeling Infused EMT Analytics,"Shen, Qing and Zhou, Yifan and Zhang, Peng and Shamash, Yacov A. and Sharma, Roshan and Chen, Bo",2025,IEEE Transactions on Consumer Electronics,10.1109/tce.2025.3542069,Journal article,Primary evaluation,Power system,Power grid,Yes,modeling and system identification,PINN,DAE/ODE dynamics,modeling and system identification,Simulation/experiment evidence,"Central physics-informed, data-driven, safe, or constrained method with extractable system/task evidence."
W035,10891446,Distributed Forced-Boundary-Constrained Secondary Coordination of Islanded Microgrids,"Zhang, Congyue and Dou, Xiaobo and Zhao, Jianfeng and Hu, Qinran and Liu, Kangli and Lv, Yongqing",2025,IEEE Transactions on Industry Applications,10.1109/tia.2025.3542733,Journal article,Excluded non-primary study,Microgrid,Islanded microgrid,Yes,physics-informed/data-driven power-system method,neural Lyapunov/certificate,DAE/ODE dynamics; Lyapunov/barrier certificate; voltage/frequency limits,Contextual/background,NR,Outside inferred primary-evidence scope or lacks extractable evidence.
W036,10906317,Physics-Guided Safe Policy Learning with Enhanced Perception for Real-Time Dynamic Security Constrained Optimal Power Flow,"Ye, Yujian and Wu, Yizhi and Hu, Jianxiong and Hu, Hao and Qian, Siqi and Zhang, Xi and Wang, Qiong and Strbac, Goran",2025,Journal of Modern Power Systems and Clean Energy,10.35833/mpce.2024.001219,Journal article,Primary evaluation,Power system,Power grid,Yes,physics-informed/data-driven power-system method,NR,power-flow equations; DAE/ODE dynamics; network topology/graph,Contextual/background,Simulation/experiment evidence,"Central physics-informed, data-driven, safe, or constrained method with extractable system/task evidence."
W037,10933995,Distributed Control Strategies for Microgrids: A Critical Review of Technologies and Challenges,"Ahmad, Ghali and Hassan, Abdulbasit and Islam, Asif and Shafiullah, Md and Abido, Mohammad A. and Al-Dhaifallah, Mujahed",2025,IEEE Access,10.1109/access.2025.3552940,Review article,Review/contextual synthesis,Microgrid,NR,Yes,physics-informed/data-driven power-system method,NR,voltage/frequency limits,physics-informed/data-driven power-system method,Review/no primary validation,"Useful for background, taxonomy, motivation, or method comparison but not counted as primary evidence."
W038,10942604,Series-Cascaded AC Microgrids: An Inclusive Review of Architectures and Control Methodologies,"Ali, Salman and Rodríguez, Santiago Bogarra and Khan, Muhammad Mansoor and Córcoles, Felipe and Byun, Yung-Cheol and Guerrero, Josep M.",2025,IEEE Access,10.1109/access.2025.3555497,Review article,Review/contextual synthesis,Microgrid,AC microgrid,Yes,physics-informed/data-driven power-system method,NR,DAE/ODE dynamics; voltage/frequency limits,physics-informed/data-driven power-system method,Review/no primary validation,"Useful for background, taxonomy, motivation, or method comparison but not counted as primary evidence."
W039,11003897,Safe Reinforcement Learning-Based Transient Stability Control for Islanded Microgrids With Topology Reconfiguration,"Su, Tong and Zhao, Junbo and Yao, Yiyun and Selim, Alaa and Ding, Fei",2025,IEEE Transactions on Smart Grid,10.1109/tsg.2025.3569696,Journal article,Primary evaluation,Microgrid,Islanded microgrid,Yes,transient stability,safe reinforcement learning,DAE/ODE dynamics; network topology/graph; chance/CVaR risk constraint,transient stability,Simulation/experiment evidence,"Central physics-informed, data-driven, safe, or constrained method with extractable system/task evidence."
W040,11045087,Adaptable Parameters Estimation for Microgrid Distributed Energy Resources Using Modified Physics-Informed Neural Network,"Chen, Likun and Wang, Yifan and Sun, Wei and Dong, Xuzhu and Wang, Bo",2025,IEEE Transactions on Sustainable Energy,10.1109/tste.2025.3581385,Journal article,Primary evaluation,Microgrid,NR,Yes,modeling and system identification,PINN,DAE/ODE dynamics,modeling and system identification,Simulation/experiment evidence,"Central physics-informed, data-driven, safe, or constrained method with extractable system/task evidence."
W041,11088107,Explainable Graph Neural Networks for Power Grid Fault Detection,"Bosso, Richard and Chang, Corey and Zarif, Mahdi and Tang, Yufei",2025,IEEE Access,10.1109/access.2025.3591604,Journal article,Primary evaluation,Power system,Power grid,Yes,fault/anomaly detection,graph neural network,DAE/ODE dynamics; network topology/graph,fault/anomaly detection,Simulation/experiment evidence,"Central physics-informed, data-driven, safe, or constrained method with extractable system/task evidence."
W042,11165312,Digital Twin-Driven Health Management in Microgrids,"Ebrahimi, Shayan and Seyedi, Mohammad and Sheida, Kouhyar and Ferdowsi, Farzad and Carbone, Marc A.",2025,IEEE Access,10.1109/access.2025.3610339,Journal article,Primary evaluation,Microgrid,DC microgrid,Yes,fault/anomaly detection,digital twin/deep learning,DAE/ODE dynamics,fault/anomaly detection,Simulation/experiment evidence,"Central physics-informed, data-driven, safe, or constrained method with extractable system/task evidence."
W043,11176071,Energy Management Systems for Maritime Microgrids: A Comprehensive Review of Intelligent Optimization Strategies,"Ahmed Khan, Asif and Timilsina, Laxman and Muriithi, Grace and Arsalan, Ali and Moghassemi, Ali and Papari, Behnaz and Ozkan, Gokhan and Edrington, Christopher S. and Seifi Boghrabadi, Nafiseh and Wang, Zhenbo",2025,IEEE Access,10.1109/access.2025.3613231,Review article,Review/contextual synthesis,Microgrid,Power grid,Yes,energy management,NR,DAE/ODE dynamics,energy management,Review/no primary validation,"Useful for background, taxonomy, motivation, or method comparison but not counted as primary evidence."
W044,9282004,Physics-Informed Neural Networks for Power Systems,"Misyris, George S. and Venzke, Andreas and Chatzivasileiadis, Spyros",2020,2020 IEEE Power \& Energy Society General Meeting (PESGM),10.1109/pesgm41954.2020.9282004,Conference proceeding,Primary evaluation,Power system,Power grid,Yes,physics-informed/data-driven power-system method,PINN,DAE/ODE dynamics; voltage/frequency limits,Contextual/background,Simulation/experiment evidence,"Central physics-informed, data-driven, safe, or constrained method with extractable system/task evidence."
W045,9328256,Resilient Scheduling of Networked Microgrids Against Real-Time Failures,"Fesagandis, Hadi Safari and Jalali, Mehdi and Zare, Kazem and Abapour, Mehdi and Karimipour, Hadis",2021,IEEE Access,10.1109/access.2021.3052653,Journal article,Contextual method/background,Microgrid,Networked microgrid,Yes,restoration and resilience,NR,DAE/ODE dynamics,restoration and resilience,NR,"Useful for background, taxonomy, motivation, or method comparison but not counted as primary evidence."
W046,9371751,Safe Reinforcement Learning-Based Resilient Proactive Scheduling for a Commercial Building Considering Correlated Demand Response,"Liang, Zheming and Huang, Can and Su, Wencong and Duan, Nan and Donde, Vaibhav and Wang, Bin and Zhao, Xianbo",2021,IEEE Open Access Journal of Power and Energy,10.1109/oajpe.2021.3064319,Journal article,Primary evaluation,NR,NR,No,restoration and resilience,safe reinforcement learning,DAE/ODE dynamics; voltage/frequency limits; chance/CVaR risk constraint,restoration and resilience,Simulation/experiment evidence,"Central physics-informed, data-driven, safe, or constrained method with extractable system/task evidence."
W047,9444806,Neuro-Reachability of Networked Microgrids,"Zhou, Yifan and Zhang, Peng",2022,IEEE Transactions on Power Systems,10.1109/tpwrs.2021.3085706,Journal article,Excluded non-primary study,Microgrid,Networked microgrid,Yes,physics-informed/data-driven power-system method,NR,NR,Contextual/background,NR,Local PDF could not be text-extracted; only metadata was available.
W048,9465817,Coordinated Restoration Method for Electric Buses and Network Reconfigurations in Distribution Systems Under Extreme Events,"Zhang, Bo and Zhang, Lu and Tang, Wei and Wang, Zhaoqi and Wang, Chen",2024,CSEE Journal of Power and Energy Systems,10.17775/cseejpes.2020.04320,Journal article,Excluded non-primary study,Distribution power system,Distribution network,Yes,restoration and resilience,NR,network topology/graph,restoration and resilience,NR,Learning or data-driven method is not central to the available source evidence.
W049,9674753,A Framework for Coordinated Self-Assembly of Networked Microgrids Using Consensus Algorithms,"Schneider, Kevin P. and Glass, Jim and Klauber, Cecilia and Ollis, Ben and Reno, Matthew J. and Burck, Michael and Muhidin, Lelic and Dubey, Anamika and Du, Wei and Vu, Long and Xie, Jing and Nordy, David and Dawson, William and Hernandez-Alvidrez, Javier and Bose, Anjan and Ton, Dan and Yuan, Guohui",2022,IEEE Access,10.1109/access.2021.3132253,Journal article,Excluded non-primary study,Microgrid,Networked microgrid,Yes,physics-informed/data-driven power-system method,NR,NR,Contextual/background,NR,Learning or data-driven method is not central to the available source evidence.
W050,9681082,A Comprehensive Review of Control Strategies and Optimization Methods for Individual and Community Microgrids,"Salehi, Navid and Martínez-García, Herminio and Velasco-Quesada, Guillermo and Guerrero, Josep M.",2022,IEEE Access,10.1109/access.2022.3142810,Review article,Review/contextual synthesis,Microgrid,NR,Yes,physics-informed/data-driven power-system method,NR,NR,physics-informed/data-driven power-system method,Review/no primary validation,"Useful for background, taxonomy, motivation, or method comparison but not counted as primary evidence."
W051,9743327,Applications of Physics-Informed Neural Networks in Power Systems - A Review,"Huang, Bin and Wang, Jianhui",2023,IEEE Transactions on Power Systems,10.1109/tpwrs.2022.3162473,Review article,Review/contextual synthesis,Power system,Power grid,Yes,physics-informed/data-driven power-system method,PINN,power-flow equations; DAE/ODE dynamics,Contextual/background,Review/no primary validation,"Useful for background, taxonomy, motivation, or method comparison but not counted as primary evidence."
W052,9844253,Feasibility Study of Neural ODE and DAE Modules for Power System Dynamic Component Modeling,"Xiao, Tannan and Chen, Ying and Huang, Shaowei and He, Tirui and Guan, Huizhe",2023,IEEE Transactions on Power Systems,10.1109/tpwrs.2022.3194570,Journal article,Contextual method/background,Power system,Power grid,Yes,modeling and system identification,neural ODE/DAE,DAE/ODE dynamics,modeling and system identification,NR,"Useful for background, taxonomy, motivation, or method comparison but not counted as primary evidence."
W053,9908557,Microgrids and Resilience: A Review,"Hamidieh, Mohammad and Ghassemi, Mona",2022,IEEE Access,10.1109/access.2022.3211511,Review article,Review/contextual synthesis,Microgrid,Networked microgrid,Yes,restoration and resilience,NR,DAE/ODE dynamics,restoration and resilience,Review/no primary validation,"Useful for background, taxonomy, motivation, or method comparison but not counted as primary evidence."
W054,9916278,Transient Voltage Control Based on Physics-Informed Reinforcement Learning,"Gao, Jiemai and Chen, Siyuan and Li, Xiang and Zhang, Jun",2022,IEEE Journal of Radio Frequency Identification,10.1109/jrfid.2022.3213895,Journal article,Primary evaluation,Power system,Power grid,Yes,voltage control,physics-informed reinforcement learning,DAE/ODE dynamics; voltage/frequency limits,voltage control,Simulation/experiment evidence,"Central physics-informed, data-driven, safe, or constrained method with extractable system/task evidence."
W055,9939922,Event Classification in Active Distribution Grids Using Physics-Informed Graph Neural Network and PMU Measurements,"MansourLakouraj, Mohammad and Gautam, Mukesh and Hossain, Rakib and Livani, Hanif and Benidris, Mohammed and Commuri, Sesh",2022,2022 IEEE Industry Applications Society Annual Meeting (IAS),10.1109/ias54023.2022.9939922,Conference proceeding,Primary evaluation,Distribution power system,Active distribution network,Yes,physics-informed/data-driven power-system method,graph neural network,DAE/ODE dynamics; network topology/graph; voltage/frequency limits,Contextual/background,Simulation/experiment evidence,"Central physics-informed, data-driven, safe, or constrained method with extractable system/task evidence."
W056,9950293,A Voltage Sensitivity Based Equivalent for Active Distribution Networks Containing Grid Forming Converters,"Ungerland, Jakob and Poshiya, Nikhilkumar and Biener, Wolfgang and Lens, Hendrik",2023,IEEE Transactions on Smart Grid,10.1109/tsg.2022.3221874,Journal article,Excluded non-primary study,Distribution power system,Grid-forming converter microgrid,Yes,modeling and system identification,gray-box neural modeling,DAE/ODE dynamics; converter/inverter dynamics; voltage/frequency limits,modeling and system identification,NR,Outside inferred primary-evidence scope or lacks extractable evidence.
W057,Wu2026Multiagent,Multiagent reinforcement learning in enhancing resilience of microgrids under extreme weather events,"Wu, Yin and Chiu, Wei-Yu and Tsai, Yuan-Po and Liu, Shangyuan and Hua, Weiqi",2026,Expert Systems with Applications,10.1016/j.eswa.2025.129145,Journal article,Primary evaluation,Microgrid,NR,Yes,restoration and resilience,multi-agent deep reinforcement learning,NR,restoration and resilience,Simulation/experiment evidence,"Central physics-informed, data-driven, safe, or constrained method with extractable system/task evidence."
W058,adham2025distributed,Distributed Energy Resources: A Systematic Literature Review,"Adham, Midrar and Keene, Sean and Bass, Robert B",2025,Energy Reports,10.1016/j.egyr.2025.01.026,Review article,Review/contextual synthesis,Microgrid,Power grid,Yes,physics-informed/data-driven power-system method,NR,power-flow equations,Contextual/background,Review/no primary validation,"Useful for background, taxonomy, motivation, or method comparison but not counted as primary evidence."
W059,aryal2025active,Active Learning of Microgrid Frequency Dynamics Using Neural Ordinary Differential Equations,"Aryal, Tara and Aslami, Pooja and Bhujel, Niranjan and Rekabdarkolaee, Hossein Moradi and Fu, Kaiqun and Wang, Zongjie and Hansen, Timothy M",2025,IET Energy Systems Integration,10.1049/esi2.70020,Journal article,Primary evaluation,Microgrid,NR,Yes,frequency control,neural ODE/DAE,DAE/ODE dynamics; voltage/frequency limits,frequency control,Simulation/experiment evidence,"Central physics-informed, data-driven, safe, or constrained method with extractable system/task evidence."
W060,bouzid2025challenges,Challenges of operating multiple distributed generators with different primary control strategies in microgrids: Interactions and performance assessment,"Bouzid, Allal El Moubarek and Alonso, Corinne and Beral, Gerard",2025,Mathematics and Computers in Simulation,10.1016/j.matcom.2025.08.029,Journal article,Contextual method/background,Microgrid,Converter/device,Yes,physics-informed/data-driven power-system method,NR,DAE/ODE dynamics; converter/inverter dynamics,physics-informed/data-driven power-system method,NR,"Useful for background, taxonomy, motivation, or method comparison but not counted as primary evidence."
W061,bu2024hybrid,Hybrid data-driven operation method for demand response of community integrated energy systems utilizing virtual and physical energy storage,"Bu, Yuntao and Yu, Hao and Ji, Haoran and Song, Guanyu and Xu, Jing and Li, Juan and Zhao, Jinli and Li, Peng",2024,Applied Energy,10.1016/j.apenergy.2024.123295,Journal article,Primary evaluation,Distribution power system,Distribution network,Yes,physics-informed/data-driven power-system method,NR,DAE/ODE dynamics,Contextual/background,Simulation/experiment evidence,"Central physics-informed, data-driven, safe, or constrained method with extractable system/task evidence."
W062,canaan2025cyber,Cyber-physical security for microgrids through digital twin technologies: A review and research outlook,"Canaan, Bushra and Makhlouf, Yosra and Abdeslam, Djaffar Ould",2025,Energy Conversion and Management: X,10.1016/j.ecmx.2025.101406,Review article,Review/contextual synthesis,Microgrid,NR,Yes,physics-informed/data-driven power-system method,digital twin/deep learning,DAE/ODE dynamics,Contextual/background,Review/no primary validation,"Useful for background, taxonomy, motivation, or method comparison but not counted as primary evidence."
W063,cestero2025optimizing,Optimizing energy management of smart grid using reinforcement learning aided by surrogate models built using physics-informed neural networks,"Cestero, Julen and Delle Femine, Carmine and Muro, Kenji S and Quartulli, Marco and Restelli, Marcello",2025,Applied Energy,10.1016/j.apenergy.2025.126750,Journal article,Primary evaluation,Generic physics-informed learning,NR,No,energy management,reinforcement learning,power-flow equations; DAE/ODE dynamics; network topology/graph,energy management,Simulation/experiment evidence,"Central physics-informed, data-driven, safe, or constrained method with extractable system/task evidence."
W064,chen2025curriculum,Curriculum-based deep evolutionary learning for large-scale grid look-ahead transient stability preventive dispatch,"Chen, Yixi and Zhu, Jizhong and Zhang, Le and Liu, Yun",2025,Applied Energy,10.1016/j.apenergy.2025.126789,Journal article,Primary evaluation,Power system,Power grid,Yes,transient stability,reinforcement learning,DAE/ODE dynamics,transient stability,Simulation/experiment evidence,"Central physics-informed, data-driven, safe, or constrained method with extractable system/task evidence."
W065,chen2025modified,Modified hard-constrained PINNs for physically consistent microgrid transient response modeling,"Chen, Likun and Wang, Yifan and Sun, Wei and Shang, Lei and Dong, Xuzhu and Wang, Bo",2025,International Journal of Electrical Power \& Energy Systems,10.1016/j.ijepes.2025.110726,Journal article,Primary evaluation,Microgrid,Distribution network,Yes,modeling and system identification,PINN,DAE/ODE dynamics,modeling and system identification,Simulation/experiment evidence,"Central physics-informed, data-driven, safe, or constrained method with extractable system/task evidence."
W066,coulombe2025simulation,Simulation of a closed-loop dc-dc converter using a physics-informed neural network-based model,"Coulombe, Marc-Antoine and Berger, Maxime and Lesage-Landry, Antoine",2025,arXiv preprint arXiv:2506.19178,10.1016/j.epsr.2025.112408,Journal article,Primary evaluation,Power system,Power grid,Yes,modeling and system identification,PINN,DAE/ODE dynamics; converter/inverter dynamics,modeling and system identification,Simulation/experiment evidence,"Central physics-informed, data-driven, safe, or constrained method with extractable system/task evidence."
W067,dahane2024hybrid,Hybrid AC-DC microgrid coordinated control strategies: A systematic review and future prospect,"Dahane, Atul S and Sharma, Rajesh B",2024,Renewable Energy Focus,10.1016/j.ref.2024.100553,Review article,Review/contextual synthesis,Microgrid,Networked microgrid,Yes,physics-informed/data-driven power-system method,NR,DAE/ODE dynamics; converter/inverter dynamics; voltage/frequency limits,physics-informed/data-driven power-system method,Review/no primary validation,"Useful for background, taxonomy, motivation, or method comparison but not counted as primary evidence."
W068,drgovna2022differentiable,Differentiable predictive control: Deep learning alternative to explicit model predictive control for unknown nonlinear systems,"Drgo{\v{n}}a, J{\'a}n and Ki{\v{s}}, Karol and Tuor, Aaron and Vrabie, Draguna and Klau{\v{c}}o, Martin",2022,Journal of Process Control,10.1016/j.jprocont.2022.06.001,Journal article,Excluded non-primary study,NR,NR,No,modeling and system identification,data-driven predictive control,DAE/ODE dynamics,modeling and system identification,NR,Outside target power-system or microgrid operational scope.
W069,ellinas2025physics,Physics-informed machine learning for power system dynamics: A framework incorporating trustworthiness,"Ellinas, Petros and Karampinis, Ioannis and Nadal, Ignasi Ventura and Nellikkath, Rahul and Vorwerk, Johanna and Chatzivasileiadis, Spyros",2025,"Sustainable Energy, Grids and Networks",10.1016/j.segan.2025.101818,Journal article,Contextual method/background,Power system,Power grid,Yes,physics-informed/data-driven power-system method,PINN,DAE/ODE dynamics; converter/inverter dynamics,Contextual/background,NR,"Useful for background, taxonomy, motivation, or method comparison but not counted as primary evidence."
W070,feng2023stability,Stability constrained reinforcement learning for decentralized real-time voltage control,"Feng, Jie and Shi, Yuanyuan and Qu, Guannan and Low, Steven H and Anandkumar, Anima and Wierman, Adam",2023,IEEE Transactions on Control of Network Systems,NR,Journal article,Primary evaluation,Distribution power system,Distribution network,Yes,voltage control,reinforcement learning,DAE/ODE dynamics; Lyapunov/barrier certificate; voltage/frequency limits,voltage control,Simulation/experiment evidence,"Central physics-informed, data-driven, safe, or constrained method with extractable system/task evidence."
W071,ge2024physics,Physics-informed convolutional neural network for microgrid economic dispatch,"Ge, Xiaoyu and Khazaei, Javad",2024,"Sustainable Energy, Grids and Networks",10.1016/j.segan.2024.101525,Journal article,Primary evaluation,Microgrid,NR,Yes,energy management,machine learning,power-flow equations; DAE/ODE dynamics,energy management,Simulation/experiment evidence,"Central physics-informed, data-driven, safe, or constrained method with extractable system/task evidence."
W072,gram2025safe,Safe reinforcement learning-based prescriptive maintenance of distribution grid using Bi-Mamba+ and constrained policy optimization: A Danish grid case study,"Gram, Iason and Mirshekali, Hamid and Shaker, Hamid Reza",2025,Applied Energy,10.1016/j.apenergy.2025.126803,Journal article,Primary evaluation,Distribution power system,Distribution network,Yes,physics-informed/data-driven power-system method,safe reinforcement learning,DAE/ODE dynamics; network topology/graph,Contextual/background,Simulation/experiment evidence,"Central physics-informed, data-driven, safe, or constrained method with extractable system/task evidence."
W073,habibnia2026data,Data-driven solutions for microgrids energy management systems: A state-of-the-art survey on current trends and future directions,"Habibnia, S and Faraji, M and Alizadeh, MH and Zadeh, M Mollayousefi and Caire, R and Gharehpetian, GB and Guerrero, JM",2026,Renewable and Sustainable Energy Reviews,10.1016/j.rser.2025.116592,Review article,Review/contextual synthesis,Microgrid,Power grid,Yes,energy management,NR,DAE/ODE dynamics,energy management,Review/no primary validation,"Useful for background, taxonomy, motivation, or method comparison but not counted as primary evidence."
W074,hadi2025artificial,"Artificial intelligence for microgrids design, control, and maintenance: A comprehensive review and prospects","Hadi, Mojtaba and Elbouchikhi, Elhoussin and Zhou, Zhibin and Saim, Abdelhakim and Shafie Khah, Miadreza and Siano, Pierluigi and Rahbarimagham, Hesam and Mart{\'\i} Colom, Pau",2025,Energy conversion and management. X,10.1016/j.ecmx.2025.101056,Review article,Review/contextual synthesis,Microgrid,NR,Yes,physics-informed/data-driven power-system method,NR,NR,physics-informed/data-driven power-system method,Review/no primary validation,"Useful for background, taxonomy, motivation, or method comparison but not counted as primary evidence."
W075,huang2020neural_lyapunov_interconnected,A Neural Lyapunov Approach to Transient Stability Assessment in Interconnected Microgrids,"Huang, Tong and Gao, Sicun and Long, Xun and Xie, Le",NR,NR,NR,Conference proceeding,Primary evaluation,Microgrid,Networked microgrid,Yes,transient stability,neural Lyapunov/certificate,Lyapunov/barrier certificate; converter/inverter dynamics; voltage/frequency limits,transient stability,Simulation/experiment evidence,"Central physics-informed, data-driven, safe, or constrained method with extractable system/task evidence."
W076,huang2024data,Data-driven distributed predictive control for voltage regulation and current sharing in DC microgrids with communication constraints,"Huang, Yi and Liu, Guo-Ping and Yu, Yi and Hu, Wenshan",2024,IEEE Transactions on Cybernetics,NR,Journal article,Primary evaluation,Microgrid,DC microgrid,Yes,voltage control,data-driven predictive control,DAE/ODE dynamics; voltage/frequency limits,voltage control,Simulation/experiment evidence,"Central physics-informed, data-driven, safe, or constrained method with extractable system/task evidence."
W077,huang2024prediction,Prediction-Free Coordinated Dispatch of Microgrid: A Data-Driven Online Optimization Approach,"Huang, Kaidi and Cheng, Lin and Qi, Ning and Gao, David Wenzhong and Mujeeb, Asad and Guo, Qinglai",2024,arXiv preprint arXiv:2407.03716,NR,Journal article,Primary evaluation,Microgrid,NR,Yes,state estimation/prediction,neural Lyapunov/certificate,DAE/ODE dynamics; Lyapunov/barrier certificate,state estimation/prediction,Simulation/experiment evidence,"Central physics-informed, data-driven, safe, or constrained method with extractable system/task evidence."
W078,juma2024review,A review of control strategies for optimized microgrid operations,"Juma, Shaibu Ali and Ayeng'o, Sarah Paul and Kimambo, Cuthbert ZM",2024,IET Renewable Power Generation,10.1049/rpg2.13056,Review article,Review/contextual synthesis,Microgrid,NR,Yes,physics-informed/data-driven power-system method,NR,NR,physics-informed/data-driven power-system method,Review/no primary validation,"Useful for background, taxonomy, motivation, or method comparison but not counted as primary evidence."
W079,komala2025iot,IoT Integration With CMPA-PINN for Islanding Detection Through Microgrid Hierarchical Control,"Komala, CR and Jeyakumar, S and Deepika, G and Swaroopa, K and Rangaree, Pankaj and Arif, Mohammad and Saikia, Bhargabjyoti and BalaSubramanyam, PNV",2025,International Journal of Communication Systems,NR,Journal article,Primary evaluation,Microgrid,NR,Yes,fault/anomaly detection,multi-agent deep reinforcement learning,DAE/ODE dynamics; voltage/frequency limits,fault/anomaly detection,Simulation/experiment evidence,"Central physics-informed, data-driven, safe, or constrained method with extractable system/task evidence."
W080,kumar2025physics,Physics-Informed Neural Network-Based Control for Grid-Forming Converter's Stability Under Overload Conditions,"Kumar, Abhay and Sharma, Dushyant and Pal, Mayukha",2025,arXiv preprint arXiv:2503.21529,NR,Journal article,Primary evaluation,Distribution power system,Grid-forming converter microgrid,Yes,physics-informed/data-driven power-system method,PINN,DAE/ODE dynamics; converter/inverter dynamics; voltage/frequency limits,physics-informed/data-driven power-system method,Simulation/experiment evidence,"Central physics-informed, data-driven, safe, or constrained method with extractable system/task evidence."
W081,liu2024physics,Physics-informed reinforcement learning for probabilistic wind power forecasting under extreme events,"Liu, Yanli and Wang, Junyi and Liu, Liqi",2024,Applied Energy,10.1016/j.apenergy.2024.124068,Journal article,Contextual method/background,Generic physics-informed learning,NR,No,restoration and resilience,physics-informed reinforcement learning,DAE/ODE dynamics,restoration and resilience,NR,"Useful for background, taxonomy, motivation, or method comparison but not counted as primary evidence."
W082,long2020data,Data-driven hybrid equivalent dynamic modeling of multiple photovoltaic power stations based on ensemble gated recurrent unit,"Long, Huan and Xu, Shaohui and Lu, Xiao and Yang, Zijun and Li, Chen and Jing, Jiangping and Wu, Zhi",2020,Frontiers in Energy Research,10.3389/fenrg.2020.00185,Journal article,Primary evaluation,NR,NR,No,modeling and system identification,NR,DAE/ODE dynamics,modeling and system identification,Simulation/experiment evidence,"Central physics-informed, data-driven, safe, or constrained method with extractable system/task evidence."
W083,meng2025when_physics,When physics meets machine learning: a survey of physics-informed machine learning,"Meng, Chuizheng and Griesemer, Sam and Cao, Defu and Seo, Sungyong and Liu, Yan",2025,Machine Learning for Computational Science and Engineering,10.1007/s44379-025-00016-0,Review article,Review/contextual synthesis,Generic physics-informed learning,NR,No,physics-informed/data-driven power-system method,machine learning,DAE/ODE dynamics,Contextual/background,Review/no primary validation,"Useful for background, taxonomy, motivation, or method comparison but not counted as primary evidence."
W084,mishra2024survey,A survey on different techniques for distribution network reconfiguration,"Mishra, Astamita and Tripathy, Manish and Ray, Papia",2024,Journal of Engineering Research,10.1016/j.jer.2023.09.001,Review article,Review/contextual synthesis,Distribution power system,Distribution network,Yes,restoration and resilience,NR,power-flow equations; network topology/graph; voltage/frequency limits,restoration and resilience,Review/no primary validation,"Useful for background, taxonomy, motivation, or method comparison but not counted as primary evidence."
W085,mohanty2024power,Power system resilience and strategies for a sustainable infrastructure: A review,"Mohanty, Asit and Ramasamy, AK and Verayiah, Renuga and Bastia, Satabdi and Dash, Sarthak Swaroop and Cuce, Erdem and Khan, TM Yunus and Soudagar, Manzoore Elahi M",2024,Alexandria Engineering Journal,10.1016/j.aej.2024.06.092,Review article,Review/contextual synthesis,Power system,Power grid,Yes,restoration and resilience,NR,chance/CVaR risk constraint,restoration and resilience,Review/no primary validation,"Useful for background, taxonomy, motivation, or method comparison but not counted as primary evidence."
W086,moradi2023physics,Physics-informed learning using hamiltonian neural networks with output error noise models,"Moradi, Sarvin and Jaensson, Nick and T{\'o}th, Roland and Schoukens, Maarten",2023,IFAC-PapersOnLine,10.1016/j.ifacol.2023.10.108,Journal article,Primary evaluation,Generic physics-informed learning,NR,No,modeling and system identification,machine learning,DAE/ODE dynamics,modeling and system identification,Simulation/experiment evidence,"Central physics-informed, data-driven, safe, or constrained method with extractable system/task evidence."
W087,ngo2024physics,Physics-informed graphical neural network for power system state estimation,"Ngo, Quang-Ha and Nguyen, Bang LH and Vu, Tuyen V and Zhang, Jianhua and Ngo, Tuan",2024,Applied Energy,10.1016/j.apenergy.2023.122602,Journal article,Primary evaluation,Distribution power system,Distribution network,Yes,state estimation/prediction,PINN,DAE/ODE dynamics; network topology/graph; chance/CVaR risk constraint,state estimation/prediction,Simulation/experiment evidence,"Central physics-informed, data-driven, safe, or constrained method with extractable system/task evidence."
W088,nkambule2025review,A review of intelligent control strategies for energy management systems in microgrids,"Nkambule, Mpho Sam and Hasan, Ali Nabil and Shongwe, Thokozani",2025,Energy Conversion and Management: X,10.1016/j.ecmx.2025.101323,Review article,Review/contextual synthesis,Microgrid,NR,Yes,energy management,data-driven predictive control,DAE/ODE dynamics,energy management,Review/no primary validation,"Useful for background, taxonomy, motivation, or method comparison but not counted as primary evidence."
W089,oelhaf2025scoping,A scoping review of machine learning applications in power system protection and disturbance management,"Oelhaf, Julian and Kordowich, Georg and Pashaei, Mehran and Bergler, Christian and Maier, Andreas and J{\""a}ger, Johann and Bayer, Siming",2025,International Journal of Electrical Power \& Energy Systems,10.1016/j.ijepes.2025.111257,Review article,Review/contextual synthesis,Power system,Power grid,Yes,physics-informed/data-driven power-system method,machine learning,DAE/ODE dynamics,Contextual/background,Review/no primary validation,"Useful for background, taxonomy, motivation, or method comparison but not counted as primary evidence."
W090,pang2024fast,Fast stability enhancement of inverter-based microgrids using NGO-LSTM algorithm,"Pang, Kai and Tang, Zhiyuan",2024,IET Renewable Power Generation,10.1049/rpg2.13137,Journal article,Primary evaluation,Microgrid,Converter/device,Yes,physics-informed/data-driven power-system method,digital twin/deep learning,DAE/ODE dynamics; converter/inverter dynamics,Contextual/background,Simulation/experiment evidence,"Central physics-informed, data-driven, safe, or constrained method with extractable system/task evidence."
W091,parsa2025physics,"Physics-informed machine learning meets renewable energy systems: A review of advances, challenges, guidelines, and future outlooks","Parsa, Seyed Masoud",2025,Applied Energy,10.1016/j.apenergy.2025.126925,Review article,Review/contextual synthesis,Generic physics-informed learning,NR,No,physics-informed/data-driven power-system method,PINN,DAE/ODE dynamics,Contextual/background,Review/no primary validation,"Useful for background, taxonomy, motivation, or method comparison but not counted as primary evidence."
W092,patra2025design,"From design to deployment: A holistic perspective on design frameworks, stability analysis, and control innovations of DC microgrid architectures","Patra, Sandipan and Basu, Malabika and Khadem, Shafi",2025,Energy Strategy Reviews,10.1016/j.esr.2025.101933,Journal article,Contextual method/background,Microgrid,DC microgrid,Yes,physics-informed/data-driven power-system method,NR,DAE/ODE dynamics; network topology/graph; voltage/frequency limits,physics-informed/data-driven power-system method,NR,"Useful for background, taxonomy, motivation, or method comparison but not counted as primary evidence."
W093,ping2021deep,Deep Koopman model predictive control for enhancing transient stability in power grids,"Ping, Zuowei and Yin, Zhun and Li, Xiuting and Liu, Yefeng and Yang, Tao",2021,International Journal of Robust and Nonlinear Control,NR,Journal article,Primary evaluation,Power system,Power grid,Yes,transient stability,Koopman learning,DAE/ODE dynamics,transient stability,Simulation/experiment evidence,"Central physics-informed, data-driven, safe, or constrained method with extractable system/task evidence."
W094,r2024machine,Machine learning-based energy management and power forecasting in grid-connected microgrids with multiple distributed energy sources,"R. Singh, Arvind and Kumar, R Seshu and Bajaj, Mohit and Khadse, Chetan B and Zaitsev, Ievgen",2024,Scientific Reports,10.1038/s41598-024-70336-3,Journal article,Primary evaluation,Microgrid,NR,Yes,energy management,machine learning,DAE/ODE dynamics,energy management,Simulation/experiment evidence,"Central physics-informed, data-driven, safe, or constrained method with extractable system/task evidence."
W095,sarangi2025enhancing,Enhancing DC microgrid security: A comprehensive review of protection challenges and solutions,"Sarangi, Rachita R and Ray, Prakash K and Mohanty, Asit and Khadem, Shafi and Patra, Sandipan",2025,International Journal of Electrical Power \& Energy Systems,10.1016/j.ijepes.2025.110687,Review article,Review/contextual synthesis,Microgrid,DC microgrid,Yes,physics-informed/data-driven power-system method,NR,power-flow equations; network topology/graph,Contextual/background,Review/no primary validation,"Useful for background, taxonomy, motivation, or method comparison but not counted as primary evidence."
W096,sarin2025renewable,Renewable microgrid optimization using AI: A B-SLR approach and future research directions,"Sarin, Gaurav and Srivastava, Archi and Srivastava, Ishi and Bhattacharjee, Saptarshi and Gujaran, Shreeya and Reddy, Y Yogendra Sai",2025,Energy Reports,10.1016/j.egyr.2025.11.087,Journal article,Contextual method/background,Microgrid,NR,Yes,physics-informed/data-driven power-system method,machine learning,DAE/ODE dynamics,Contextual/background,NR,"Useful for background, taxonomy, motivation, or method comparison but not counted as primary evidence."
W097,selvaraj2024optimal,Optimal power scheduling in real-time distribution systems using crow search algorithm for enhanced microgrid performance,"Selvaraj, Ganesh and Rajangam, Kanimozhi and Vishnuram, Pradeep and Bajaj, Mohit and Zaitsev, Ievgen",2024,Scientific Reports,10.1038/s41598-024-82061-y,Journal article,Excluded non-primary study,Microgrid,Distribution network,Yes,physics-informed/data-driven power-system method,NR,power-flow equations; DAE/ODE dynamics; voltage/frequency limits,Contextual/background,NR,Learning or data-driven method is not central to the available source evidence.
W098,singhal2026physics,Physics informed ANN model for identifying physical and cyber anomalies in centralized load sharing controller in AC microgrids,"Singhal, Arti and Verma, Ashu and Mohanty, Rabindra",2026,Electric Power Systems Research,10.1016/j.epsr.2025.112469,Journal article,Primary evaluation,Microgrid,AC microgrid,Yes,modeling and system identification,machine learning,DAE/ODE dynamics; voltage/frequency limits,modeling and system identification,Simulation/experiment evidence,"Central physics-informed, data-driven, safe, or constrained method with extractable system/task evidence."
W099,stock2024bayesian,Bayesian physics-informed neural networks for system identification of inverter-dominated power systems,"Stock, Simon and Babazadeh, Davood and Becker, Christian and Chatzivasileiadis, Spyros",2024,Electric power systems research,10.1016/j.epsr.2024.110860,Journal article,Primary evaluation,Distribution power system,Power grid,Yes,modeling and system identification,PINN,converter/inverter dynamics,modeling and system identification,Simulation/experiment evidence,"Central physics-informed, data-driven, safe, or constrained method with extractable system/task evidence."
W100,sun2025integrated,Integrated data-driven topology reconstruction and risk-aware reconfiguration for resilient power distribution systems under incomplete observability,"Sun, Sipei and Li, Ning and Zhang, Liang and Zhao, Dongpo and Lun, Di and Feng, Liang",2025,Scientific Reports,10.1038/s41598-025-15440-8,Journal article,Primary evaluation,Distribution power system,Distribution network,Yes,restoration and resilience,graph neural network,DAE/ODE dynamics; network topology/graph; chance/CVaR risk constraint,restoration and resilience,Simulation/experiment evidence,"Central physics-informed, data-driven, safe, or constrained method with extractable system/task evidence."
W101,tartaglione2022loss,Loss-based sensitivity regularization: towards deep sparse neural networks,"Tartaglione, Enzo and Bragagnolo, Andrea and Fiandrotti, Attilio and Grangetto, Marco",2022,Neural Networks,10.1016/j.neunet.2021.11.029,Journal article,Excluded non-primary study,NR,NR,No,physics-informed/data-driven power-system method,machine learning,network topology/graph,Contextual/background,NR,Outside target power-system or microgrid operational scope.
W102,valente2025physics,Physics-consistent machine learning with output projection onto physical manifolds,"Valente, Matilde and Dias, Tiago C and Guerra, Vasco and Ventura, Rodrigo",2025,Communications Physics,10.1038/s42005-025-02329-1,Journal article,Contextual method/background,Generic physics-informed learning,NR,No,physics-informed/data-driven power-system method,PINN,DAE/ODE dynamics,Contextual/background,NR,"Useful for background, taxonomy, motivation, or method comparison but not counted as primary evidence."
W103,vizza2025effective,An effective integrated optimal day-ahead and real-time power scheduling approach for hydrogen-based microgrid,"Vizza, Pasquale and Fedorov, Stanislav and Pinnarelli, Anna and Bilotta, Vittorio and Bruni, Maria Elena",2025,"Sustainable Energy, Grids and Networks",10.1016/j.segan.2025.102039,Journal article,Excluded non-primary study,Microgrid,Power grid,Yes,physics-informed/data-driven power-system method,PINN,DAE/ODE dynamics,Contextual/background,NR,Outside inferred primary-evidence scope or lacks extractable evidence.
W104,wang2023secure,Secure energy management of multi-energy microgrid: A physical-informed safe reinforcement learning approach,"Wang, Yi and Qiu, Dawei and Sun, Mingyang and Strbac, Goran and Gao, Zhiwei",2023,Applied Energy,10.1016/j.apenergy.2023.120759,Journal article,Primary evaluation,Microgrid,NR,Yes,energy management,safe reinforcement learning,DAE/ODE dynamics,energy management,Simulation/experiment evidence,"Central physics-informed, data-driven, safe, or constrained method with extractable system/task evidence."
W105,wazirali2023state,"State-of-the-art review on energy and load forecasting in microgrids using artificial neural networks, machine learning, and deep learning techniques","Wazirali, Raniyah and Yaghoubi, Elnaz and Abujazar, Mohammed Shadi S and Ahmad, Rami and Vakili, Amir Hossein",2023,Electric power systems research,10.1016/j.epsr.2023.109792,Review article,Review/contextual synthesis,Microgrid,Power grid,Yes,state estimation/prediction,machine learning,chance/CVaR risk constraint,state estimation/prediction,Review/no primary validation,"Useful for background, taxonomy, motivation, or method comparison but not counted as primary evidence."
W106,wu2024physics,Physics-informed machine learning: A comprehensive review on applications in anomaly detection and condition monitoring,"Wu, Yuandi and Sicard, Brett and Gadsden, Stephen Andrew",2024,Expert Systems with Applications,10.1016/j.eswa.2024.124678,Review article,Review/contextual synthesis,Generic physics-informed learning,NR,No,fault/anomaly detection,machine learning,DAE/ODE dynamics,fault/anomaly detection,Review/no primary validation,"Useful for background, taxonomy, motivation, or method comparison but not counted as primary evidence."
W107,wu2025resilience,Resilience driven EV coordination in multiple microgrids using distributed deep reinforcement learning,"Wu, Yuxin and Cai, Ting and Li, Xiaoli",2025,Scientific Reports,10.1038/s41598-025-12471-z,Journal article,Primary evaluation,Microgrid,NR,Yes,restoration and resilience,multi-agent deep reinforcement learning,DAE/ODE dynamics,restoration and resilience,Simulation/experiment evidence,"Central physics-informed, data-driven, safe, or constrained method with extractable system/task evidence."
W108,xu2023coordination,Coordination of network reconfiguration and mobile energy storage system fleets to facilitate active distribution network restoration under forecast uncertainty,"Xu, Yundai and Zhao, Min and Wu, Han and Xiang, Sheng and Yuan, Yue",2023,Frontiers in Energy Research,10.3389/fenrg.2022.1024282,Journal article,Excluded non-primary study,Distribution power system,Active distribution network,Yes,restoration and resilience,NR,network topology/graph,restoration and resilience,NR,Learning or data-driven method is not central to the available source evidence.
W109,xu2024resilient,Resilient dynamic microgrid formation by deep reinforcement learning integrating physics-informed neural networks,"Xu, Mingze and Lei, Shunbo and Wang, Chong and Liang, Liang and Zhao, Junhua and Peng, Chaoyi",2024,Engineering Applications of Artificial Intelligence,10.1016/j.engappai.2024.109470,Journal article,Primary evaluation,Microgrid,Distribution network,Yes,restoration and resilience,reinforcement learning,NR,restoration and resilience,Simulation/experiment evidence,"Central physics-informed, data-driven, safe, or constrained method with extractable system/task evidence."
W110,xun2025single,Single-inductor multiple-output converter for hydrogen electrolyzer arrays in PV-HESS-PEM microgrid using deep neural network based model predictive control,"Xun, Binbin and Tang, Xinqiang and Fu, Qing and Wang, Benfei",2025,Process Safety and Environmental Protection,10.1016/j.psep.2025.107913,Journal article,Primary evaluation,Microgrid,Power grid,Yes,modeling and system identification,data-driven predictive control,DAE/ODE dynamics; converter/inverter dynamics; voltage/frequency limits,modeling and system identification,Simulation/experiment evidence,"Central physics-informed, data-driven, safe, or constrained method with extractable system/task evidence."
W111,zhang2024physics,Physics-Informed Multi-Agent deep reinforcement learning enabled distributed voltage control for active distribution network using PV inverters,"Zhang, Bin and Cao, Di and Hu, Weihao and Ghias, Amer MYM and Chen, Zhe",2024,International Journal of Electrical Power \& Energy Systems,10.1016/j.ijepes.2023.109641,Journal article,Primary evaluation,Distribution power system,Active distribution network,Yes,voltage control,multi-agent deep reinforcement learning,DAE/ODE dynamics; network topology/graph; converter/inverter dynamics; voltage/frequency limits,voltage control,Simulation/experiment evidence,"Central physics-informed, data-driven, safe, or constrained method with extractable system/task evidence."
W112,zhao2025reconfiguration,A reconfiguration method of robust game for distribution-microgrid coordination considering battery aging cost,"Zhao, Ruifeng and Pan, Kaiyan and Gao, Tianliang and LI, Yiquan and Zhao, Youguo and Liu, Shangwei and others",2025,Energy Reports,10.1016/j.egyr.2025.03.004,Journal article,Excluded non-primary study,Microgrid,Power grid,Yes,restoration and resilience,NR,DAE/ODE dynamics,restoration and resilience,NR,Learning or data-driven method is not central to the available source evidence.
W113,zheng2024distributed,Distributed economic control strategy based on reinforcement pinning control for microgrids,"Zheng, Shu and Wu, Zhi and Song, Lijuan and Gu, Wei and Liu, Wei and Zhao, Jingtao and Xu, Zhihua and Hong, Tao",2024,Electric Power Systems Research,10.1016/j.epsr.2024.111006,Journal article,Primary evaluation,Microgrid,Power grid,Yes,physics-informed/data-driven power-system method,reinforcement learning,DAE/ODE dynamics; converter/inverter dynamics; voltage/frequency limits,physics-informed/data-driven power-system method,Simulation/experiment evidence,"Central physics-informed, data-driven, safe, or constrained method with extractable system/task evidence."
W114,zhu2025bi,Bi-level coordinated restoration for the distribution system and multi-microgrids,"Zhu, Hao and Sun, Xiaotian and Xie, Haipeng and Tang, Lingfeng and Bie, Zhaohong",2025,International Journal of Electrical Power \& Energy Systems,10.1016/j.ijepes.2024.110371,Journal article,Excluded non-primary study,Microgrid,Distribution network,Yes,restoration and resilience,NR,DAE/ODE dynamics,restoration and resilience,NR,Learning or data-driven method is not central to the available source evidence.
W115,zhu2025operation,Operation optimisation of direct current microgrids toward stability and economy: a model-data co-driven framework,"Zhu, Yuxin and Wang, Fei and Lin, Zhengyu and Fleming, James",2025,Communications Engineering,10.1038/s44172-025-00466-7,Journal article,Primary evaluation,Microgrid,DC microgrid,Yes,energy management,NR,DAE/ODE dynamics,energy management,Simulation/experiment evidence,"Central physics-informed, data-driven, safe, or constrained method with extractable system/task evidence."
W116,zidane2025power,Power systems and microgrids resilience enhancement strategies: A review,"Zidane, Tekai Eddine Khalil and Ab Muis, Zarina and Ho, Wai Shin and Zahraoui, Younes and Aziz, Ali Saleh and Su, Chun-Lien and Mekhilef, Saad and Campana, Pietro Elia",2025,Renewable and Sustainable Energy Reviews,10.1016/j.rser.2024.114953,Review article,Review/contextual synthesis,Microgrid,Power grid,Yes,restoration and resilience,NR,NR,restoration and resilience,Review/no primary validation,"Useful for background, taxonomy, motivation, or method comparison but not counted as primary evidence."
